country_id,year,gov_debt_gdp,external_debt_gdp,fiscal_balance_gdp,current_account_gdp,reserves_months_imports,real_gdp_growth,inflation,real_rate_growth_diff,short_term_debt_reserves,political_stability,true_prob,financial_stress
C000,2005,38.74142193451489,31.14377614496005,-1.2591139546087167,-13.468189506026842,5.296168646290312,-0.6492426193394678,11.125176880256873,0.24074445569742475,0.33116703733947384,-1.8942000796379992,0.4842351850648792,0
C000,2006,44.2891212301432,37.47062493563392,2.1914180921136044,-8.409289165735526,7.236365043039281,0.4617947258693027,18.30676594364263,1.3877995998259718,0.122908467650725,-1.8767458916148523,0.1605318296673142,0
C000,2007,53.216774606259946,34.603982909076855,-0.8287267013476534,-7.272503915209578,8.004615195873818,-0.5495971902593628,15.34061344100819,-2.4592716541710415,0.3452056588608948,-1.8564332301531992,0.07301749172543932,1
C000,2008,57.832688553918786,34.59547282689855,-1.6315909360464413,-4.492859193955111,4.711233322626377,4.703058773494471,5.500089560189519,-3.352399366427835,0.6051670623169305,-1.8947311862799798,0.18795374249020413,0
C000,2009,61.10992992389147,25.690594909654926,0.06111820330478723,-7.311400729525658,4.435229395991918,4.694458190913627,8.712888540401233,1.1569958853562015,0.6065491495802668,-2.0754792655510825,0.20930801227751325,1
C000,2010,61.89214193637874,36.46406283101959,-1.9318160554902342,-4.2546877945040595,4.565285324046552,0.815154547511888,7.324163032554505,1.4054359819640099,0.8127096386932174,-1.709767024702222,0.5102264316687227,1
C000,2011,70.38848679701248,45.88034713172027,-3.1066490254834127,-4.036487472508591,4.754377840868689,3.056194745853631,6.234693308652365,-3.099178288824138,0.9059043638595412,-1.8639258923361655,0.28568103759771246,1
C000,2012,68.9654561391289,54.82725210301423,-7.061694698428183,-7.449532006612952,4.594888451860077,5.827540048331864,6.485593342396716,-0.44276789353911017,0.9060386488074431,-1.645134246259451,0.6084208687669037,1
C000,2013,80.87872891887804,65.32991456335137,-7.326280709306401,-12.0197540859495,6.2675383513829726,3.4958731570333486,12.181174428890273,0.2516650305752989,0.998490649015157,-0.3685266523730122,0.8030400730788014,1
C000,2014,87.69358413128849,64.8477083447688,-5.601452104472493,-11.106001085074162,6.592956228450067,6.573367239383771,6.296500106899043,1.7580032131747578,0.9438080886978932,-0.7105461157119071,0.8787830299848624,0
C000,2015,98.66033203021158,81.35111386210684,-8.835135909497572,-9.934275631296524,6.851173953851876,5.2140360701487145,3.4104396055647466,1.2006377105406132,0.7807311372202494,-0.10108590295609554,0.557884659754022,1
C000,2016,109.91181332069074,94.23534476855964,-7.239604657072096,-9.461357852384392,5.609731906904614,5.930272727305318,4.60640414769641,0.7094699708611764,0.926814308255603,-0.36781809323305736,0.9290627990596749,1
C000,2017,99.1927195765788,83.47937234029929,-6.2321450145006665,-10.23754407587213,3.051234387829837,2.1551387879171826,8.564440725046728,-2.2465235822394956,0.5618155612842692,-0.13915875148715665,0.5348738329120605,1
C000,2018,99.07943307875281,79.22941072518728,-5.047941842954755,-9.485726658743083,4.084922712018478,3.6939931126407064,9.72850618324304,0.1046898983518636,0.6586020687502212,0.36770553815351126,0.9202597846227503,0
C000,2019,85.59903099300242,67.90346681430049,-4.691631625991255,-6.984078369188612,5.7708848158315735,4.235198043125765,6.476055855601207,1.0476561638745379,0.5826660830388158,0.07374882017754855,0.26305938182516403,1
C000,2020,86.74270298270385,63.536127312048265,-11.40971443121429,-2.7994282008134825,6.309709460428245,-4.954479650846039,3.8559276118961074,1.4881874340925842,0.30064667868332606,-0.6326295967616715,0.959157731516361,0
C000,2021,113.52380932241772,64.93088438212752,-4.438033072078251,-1.9628112279190584,5.892408580659361,0.6501050819571916,4.470008912736664,-1.4890786963949882,0.2963080135135731,-0.4919203029441,0.4896272717420679,0
C000,2022,117.90928033300872,62.40414435285474,-2.8568997869995223,-4.358803627614996,3.926120622124004,-1.0491039940982847,1.7634208446805322,-4.530942076367852,0.5584487513341272,-0.29735291715596435,0.7510065864668718,0
C001,2005,11.72117981064645,32.20653680310354,-0.05954325491855306,-0.2609838629220951,7.608930115191665,6.9775659897649955,-1.573026953283172,-1.6756774983373155,0.5772604770285296,2.5,0.0010354100471213332,0
C001,2006,5.997162797052507,26.229285073241464,-1.7093594346184415,-1.4827798405875634,7.775894601652279,3.0132131519493868,-2.0,-1.3349408911036826,0.631530018847077,2.5,0.0018088616931256581,0
C001,2007,5.0,18.201507522919393,-4.445988042300691,-2.2364552728237292,6.957434425759364,2.5385382387768693,2.21424800462244,-1.1629527231803773,0.4598705445886305,2.5,0.0024988409230549684,0
C001,2008,5.0,14.372295048025494,-6.10198318608217,-4.36488434260763,7.487382332459253,3.1357534492572006,2.5030092957680035,1.3034451485337932,0.45384539863852824,2.5,0.014738785700455365,0
C001,2009,5.0,19.892712191362307,-5.370839578805678,-4.542134724677645,5.152409968017143,3.3530387730772597,4.3639958724232235,0.982842154383523,0.4662268687853775,2.5,0.013778287910989149,1
C001,2010,5.0,14.77163584843379,-4.441547661616973,-3.8799479052736054,3.6529849158214676,3.3340208134595812,6.845221150090183,2.318913861694198,0.5866681482108169,2.5,0.021781447807931554,0
C001,2011,5.0,11.320719088962287,-8.777905077990825,2.8043529635243196,3.1349782921607394,2.3087448983152075,7.183762297684368,0.10617229115154925,0.4666454433469729,2.5,0.030244820703855868,0
C001,2012,7.842981401508029,10.7423000742885,-4.76225937343479,-3.3796741202081924,4.43439353316616,-1.3492894191713756,15.446325161056063,0.19187461941382275,0.16072584931970152,2.5,0.01838474695379329,0
C001,2013,30.2727914824714,12.566814405083896,-1.9119182215492128,-3.483948408537032,3.705382797655915,0.6989818303347181,13.573196473581842,-0.23519136486547843,0.2607331940109359,2.5,0.032340520210150436,0
C001,2014,28.534796996053796,7.712924347783363,-0.8400990601914187,-7.129203455997359,6.374594179139493,1.0326015276189868,9.916496824440086,-1.402193335850043,0.37595082227005816,2.5,0.01361295494703881,0
C001,2015,39.557821692320395,11.57163143680524,1.7096075120571883,-8.631304957892224,6.380375264693799,-3.4080046949130276,10.314183348352902,1.5923973266177485,0.5034835077702204,2.5,0.03977086777967844,0
C001,2016,39.09320817165699,16.780847039014734,1.644363851679359,-8.4185864440807,5.394897740201797,-0.5281320639996808,5.029270520595913,0.16218265756803674,0.3431309075856185,2.5,0.02328945978185162,0
C001,2017,41.511052778340584,25.84986508101618,-3.4062706510699527,-7.876124522490425,4.835535030846948,2.247503259083245,6.603274025684604,1.1777587735817248,0.1702453340851631,2.5,0.17094116133730577,0
C001,2018,28.56196285488531,18.490759019285864,-4.990846004945516,-3.827338966804349,4.328070562129862,5.448744623812496,4.45514334366017,5.44106339063449,0.12200521038824777,2.5,0.06854703944716986,0
C001,2019,27.316675728851077,30.94505442186134,-5.334181122408084,-7.67530132286601,5.74674255622687,7.310293784132171,2.6291998122428355,4.180013659080217,0.4284207138594789,2.5,0.04703342849821138,0
C001,2020,27.821432863253087,44.69417540432243,-11.448308841801005,-10.504106708744137,5.217346952926174,3.651585951837731,0.02884504159079304,6.181445585838825,0.5668355817429946,2.5,0.34090359682820875,0
C001,2021,47.23606366104302,42.273676232567325,-4.115714885548641,-9.739605902262689,3.701654558501075,8.300109924253096,1.4998853347596734,4.020518155238014,0.451646747467719,2.5,0.22425834629691968,0
C001,2022,47.59677879973847,33.040340594534655,-5.571558795171486,-7.276995606069177,4.8563265623438205,12.19359806766305,2.35391188073738,-0.18450805912516843,0.527995457207659,2.5,0.014577529241385079,0
C002,2005,54.959785159713064,36.25484612751873,-4.573885292515774,-0.6406303620858236,5.8289637964494245,-0.005792186282133738,4.609568700604658,-2.290978316757966,0.02,1.4528550055530525,0.009141670743119305,0
C002,2006,39.88672556932882,27.73038028208972,-5.427921375973563,1.2156590902727702,6.299761749627061,1.6678647658313173,3.0722170546547654,-0.3715657015169208,0.02,1.1026945040513996,0.0016168458716464983,0
C002,2007,43.28938088844613,25.77579917676562,-4.777427601471519,1.9438177072797032,5.9775017290185115,5.272764304504845,9.449089820391713,3.520618750406335,0.1172736664888791,0.627647362103795,0.05017886782910191,0
C002,2008,53.388134541808974,27.10792304098589,-3.9144452092941746,-0.16047126360402797,3.667138368111495,-1.1947944497413046,16.16674072060126,4.089681442087123,0.11651091032164795,0.282550476444871,0.31632610220803764,0
C002,2009,50.720679416950816,34.26857470954246,-7.394588386343238,-0.02972639949803016,3.628815784426965,1.9448025372249307,12.04116532475288,1.2242629207732971,0.02,-0.026366264877815238,0.0467277800179433,0
C002,2010,48.13592818499925,25.280307189529076,-7.689485135859126,0.5497409654110594,3.37799064082965,-0.8652812909857848,5.380009741174501,3.0463997495538457,0.21045409229198048,0.40553263803560335,0.048353282237838247,0
C002,2011,48.22741525315916,24.30342486078853,-6.501286347219385,1.0992518079960298,3.637179867244947,-1.2739528032427465,5.25330101820685,0.7141427079119396,0.15620869017617178,0.2981202079133559,0.05064515838789258,0
C002,2012,50.956927875605764,30.73164873857328,-6.714218303986389,-1.793843988208332,3.6576711846479215,-0.4305890545090736,11.098824802528064,2.759903355486976,0.2989496022164197,0.620254283273032,0.053255780461736,0
C002,2013,49.83247772738952,25.725391576147455,-4.935759083171993,-1.4364670728763622,3.5149647949610863,-5.077124469085507,6.596415153291877,0.9336849318277183,0.6577676471490916,1.4032477746152032,0.16281898710957038,0
C002,2014,43.91243948012587,21.50979886348107,-4.142799350812393,1.1613410858225286,3.147478157124953,-2.1718940325025553,7.229600920199358,0.25414784202077345,0.6596260420333099,1.6398293470710543,0.02108785432325309,0
C002,2015,48.67459725048634,16.09781947610775,-4.448128607525502,1.7684089975502668,4.793241379219102,-0.44604842978126125,-0.5063860600350933,-1.0895864089265035,0.6449405464257889,1.5039470931976406,0.021844822442785232,0
C002,2016,64.7176216906633,35.190388790569514,-4.7897442483237205,1.3768673441323176,5.235219721241901,0.5743524793190679,-2.0,1.5752580744336873,0.6532894843759893,1.1698752693653247,0.017745732482672985,0
C002,2017,69.75595927505204,28.610775313772425,-6.629801371870108,0.89349932065517,5.319569801044487,1.560295193038033,1.1018349316878666,4.099721784510587,0.681329293127408,0.6376624860045169,0.08299159332619767,0
C002,2018,71.73187367109422,34.930582640749,-8.820537408299014,4.754442186849505,4.233358977566469,2.623050733583055,10.758380888323206,2.881359753737558,0.738123616954995,0.3855352866486573,0.27102986626125297,0
C002,2019,72.56997720159266,35.09319805564044,-9.96317397071315,2.1685638631579955,3.601953770777448,1.3342153713748743,11.16277890306854,1.6052896189245949,0.662089543273419,0.8613052222852435,0.13665171317824734,0
C002,2020,66.58092308962564,36.072203457671165,-12.421547123034092,-2.213665960523735,4.155662849097674,-1.4064991333789738,11.490118035728413,-1.5049619990046688,0.48357574665053976,1.0029652076740598,0.1477636571749248,0
C002,2021,73.01585458234094,33.59262752016116,-9.38516536306692,-4.385730019969678,6.006290839868705,2.9631104401295554,8.7769350889053,5.1348559907324365,0.5009234344276329,0.8786648332870776,0.35510765704037006,0
C002,2022,79.90452482294153,48.849933232002115,-7.506624952899177,-3.6761058859748403,5.921041377461294,8.462823553741995,3.168079428008344,2.9003152150915192,0.7274690283461661,1.1983570788433486,0.05310241874560579,0
C003,2005,84.64131715357445,21.446922163590973,-7.170300973087683,2.09314764217386,5.4518064769526715,5.990607759960311,15.471418292478287,-3.2875526198780483,0.3904384149417719,-0.5368961560373595,0.0368667576245818,0
C003,2006,85.84689679296936,22.706859398039157,-6.714781742821963,0.676119027867907,6.259882301250993,3.7223603623876977,12.451244474385236,-0.9773190172461814,0.2542693093510603,-0.42412981014637036,0.1903812835232679,0
C003,2007,81.03264735311873,28.26545291695817,-7.645239263621716,1.8978954579127894,5.853589060630515,3.6229925324614904,11.690163688385908,-0.641769079629702,0.15774849675585023,-0.33353151639791856,0.17973929181285525,1
C003,2008,84.0640151917663,25.041872295841905,-7.5724043940712695,3.18483257680048,6.072198234836898,3.604319239943198,8.516463189695463,0.784513237737926,0.2707743140644401,-0.06168508003794421,0.25838657937477816,0
C003,2009,89.6116606879242,31.366895219828447,-10.911139296605521,5.385036499650399,6.474521877137276,3.9530157771104175,8.644554680576087,0.15738749316021183,0.4761763126651959,0.8699128200252725,0.11491074199915098,0
C003,2010,76.60342072230497,10.598630890579635,-8.656659986361115,3.3310100696261995,5.504098070279552,-0.9871282962299803,11.922474566924295,-0.6507587825777764,0.7326037233475826,0.9535937500492709,0.06218696917494551,0
C003,2011,80.07414317742965,12.000856427593092,-9.907104004340752,7.3265446652512445,4.727248135438035,0.03904579133722563,5.327336522635082,-0.402326964336874,0.5108735394424533,0.9668539477763157,0.025299454118598196,0
C003,2012,73.62956759409066,7.702134456492381,-8.790221672390608,4.719865457376501,6.715894038287625,0.28298228092980215,11.430576118663657,-1.792481926400829,0.4667003374281534,1.1258920675670188,0.23166830509452085,0
C003,2013,58.63938689041858,6.906344456892668,-10.527482145342756,5.0213912224312605,5.059420492417148,0.867738974802567,11.703061704902847,-1.949211890120354,0.4942784728721138,1.3347430370235855,0.06594322723118813,0
C003,2014,59.8978242162915,0.32753999819227886,-9.611823314279631,-1.7495646226824286,5.048913073309407,4.5986501482145465,9.275854424685937,-1.2540968531326957,0.6326842612674829,1.4411669411904207,0.05847468198328788,1
C003,2015,72.07431331383506,13.674329704308953,-10.0660552110824,-4.932951982119022,4.788290261416779,2.1110439788518365,12.621779069277615,-0.7624473334753948,0.6341481489128231,1.7752539318169758,0.2201176680539699,0
C003,2016,71.70410146477715,14.308685359906136,-8.962113237263244,-1.231038744555272,4.512505593473668,-1.6082883311928327,10.96730120315302,-0.09976329147110552,0.5079401031600514,1.6501893774850802,0.09430213947672944,0
C003,2017,67.22139465794196,9.2409937348434,-5.611948279631714,7.0126126813478855,4.919409833054276,-1.5536859728846228,11.181530065142333,-3.4172694156242414,0.43671457784638074,1.6086353680324748,0.015067222298061709,0
C003,2018,73.83989582425878,7.936955180273301,-6.472758159331188,9.96454983417142,3.5158706144129646,2.005551759188285,15.815689648631874,-2.9723689388390615,0.475209132404567,1.8382036539422566,0.09520574561817842,0
C003,2019,93.20968398890373,7.224107358919866,-5.105869950868094,6.760945325784293,1.9716790759023992,0.5794623884690564,16.658773607322157,-4.062018876895883,0.5505252158197202,1.5886807417445707,0.144498715176506,1
C003,2020,89.60763652232232,12.950214419652475,-11.260995324788988,4.226696140423352,1.4396945049225907,-6.346344545423859,14.623578533960904,-2.0151908000282623,0.47245990666343174,1.7441323384945748,0.36928060846055305,1
C003,2021,105.32468367211618,7.876575324732379,-7.898297713257163,3.851645701435338,1.9142296420092657,2.0073034237327736,11.26166718011104,-0.9893513996838228,0.8537179866241558,1.9472446513938764,0.16285917520032436,0
C003,2022,99.97536051992374,5.306617585399941,-7.6377596434906225,4.287263634660579,2.4491564306076894,6.663276294723788,11.124076800822136,-3.404036779859135,0.7700138409966564,2.0418613254346814,0.05586035515768944,0
C004,2005,14.640889098885776,26.235900381327383,-2.6623431703916016,-2.5601339333758784,5.120557445709169,4.102707955627444,13.897425969601649,1.9466190594609145,0.5245030779182046,-0.5756146002198583,0.2511838926639251,0
C004,2006,8.006172227242601,16.42338805947063,-0.6042590269060806,-2.507498662903499,5.842290316313585,2.00093216557735,11.819107435973939,0.15249700127946397,0.3342401242096175,-0.38812077910330856,0.02060576348999431,0
C004,2007,5.842348560766002,9.935459768695889,-1.9539619169205384,-1.9279399314741192,6.469069955907781,-0.6810416213799573,18.945763560240866,-0.5402115225923867,0.4206982846968027,-0.1953994766526738,0.012476362063370027,0
C004,2008,5.0,15.873161496669226,-3.238919616680234,2.66837535659085,5.855322391506206,2.259314586935277,18.3702498469972,0.49052137253557604,0.3254785659163524,-0.5173437958967015,0.025270257583467015,0
C004,2009,7.569009089319955,9.931858663639368,-2.489536856504114,6.485740091635471,4.024474817747999,3.8915014089045235,17.565453662218715,0.129474027766597,0.5067164616328612,-0.536270813797273,0.027729748213383754,0
C004,2010,5.0,6.558191279722664,-3.590505149401275,4.834358875025074,4.5553105485174825,1.5524330711992538,16.302481712335805,0.8504212660907314,0.3819662151810815,0.02283259191950049,0.011243662010198423,0
C004,2011,5.0,1.743145535128301,-2.2956295946280867,6.697337648069391,6.339044857969825,1.7516094920893905,20.533202441420922,-1.3311923979764644,0.2934796051258636,0.026005703109791847,0.008464314356137951,0
C004,2012,8.029596695229854,4.414163674392798,-4.826672984509594,1.4193501082272189,5.803017861644423,5.499854882251684,19.090595958622814,-3.891220149782995,0.27179795030032167,0.2114157125488891,0.011925589001058607,0
C004,2013,5.998296714180176,2.065195871560749,-3.865999076216283,6.126691800658412,6.67702638725066,5.384163204315867,11.828383972887979,-0.827987165782363,0.28926914551599825,-0.24082766908363018,0.004774894288734292,0
C004,2014,14.83802484988831,8.84563421222061,-4.673201015073122,3.766312068047124,5.506045162019866,4.861717308294535,19.256202588021342,-2.919368580712303,0.3262461164368068,0.23933386173373522,0.00527279951349829,0
C004,2015,14.656514423005925,12.040912033761291,-4.615096197690758,-2.1557494506517294,5.314914224318239,7.105185112620003,15.103723411889163,-0.9188342749336224,0.18852421063485242,1.0675169348943438,0.008721751025795718,0
C004,2016,15.426867640758388,15.209086519079346,-5.579148925226955,2.1632188202284537,2.8800763293614207,3.2875806524020286,15.171107226417835,0.9503426956751277,0.2797730281975007,0.4423783684792232,0.02309955232811515,0
C004,2017,22.839102100104995,22.21796496958075,-1.1297395364851939,-0.918536842968019,2.880070393874022,4.836159953714492,15.859934987928971,2.9933729291373394,0.5352731899313747,-0.3769072756649208,0.1433182424605744,0
C004,2018,24.700357350929124,19.201403377995355,-1.232197387891984,1.0858670613653099,3.5345712161013267,4.000037169740688,17.960714484739622,-0.09112295066590104,0.3835480324950917,-0.7530404370630339,0.08146273657954001,0
C004,2019,12.631600640412207,24.880179419143513,-1.4658267023601488,0.8570042592246853,4.1335386723089025,7.740311058986146,13.380459506781841,3.747099563924367,0.4768634431607564,-0.7141982049692337,0.04071483638137465,0
C004,2020,11.13111692089272,11.628540668851102,-3.1447864650650543,1.3113838531507693,4.185279450794494,5.1493613988224265,9.4818818228139,3.893069157638765,0.2023898487305673,-0.4542649318331662,0.17214968835526165,0
C004,2021,33.081447013006006,15.517055092123114,-0.560140807758776,-1.3552250660970688,3.818614295736442,7.257872828858514,6.20378854324529,1.3227927555890957,0.33091011055842,-0.41095468732822427,0.07179087752805284,0
C004,2022,31.26049941189673,14.481336244417722,-3.075667115927846,-0.29080443465972294,5.512163328010248,9.318552612195207,5.532721128836478,0.6326017227488304,0.5127127135048053,-0.4478689271934987,0.006971877940907145,0
C005,2005,38.78078722224883,25.9025180869546,-6.304166848058468,-1.2268513464866855,5.597645519437532,-1.081683252947186,-2.0,-2.930447251387392,0.7467085772384028,-1.1618179737519592,0.02710770833538585,0
C005,2006,34.279013004266325,26.7472391149871,-7.59907524413285,-3.594064671396151,4.83228747664455,-4.193916541419998,-2.0,-4.1888889482842675,0.880667261576955,-0.9269339302126671,0.19085791699121338,0
C005,2007,41.35397283436788,35.28024191450025,-5.9786656426046925,-4.945827865877824,6.460955454259375,-0.8367244700277263,-2.0,-7.004025486794172,0.6315666757837533,-1.2073781592357795,0.038676691482607294,0
C005,2008,36.15418846274975,35.125242162737266,-7.771181680283712,-0.5921909959580849,6.195270675337601,-2.944565864556421,-2.0,-3.529028074155036,0.4410415272213064,-1.551589746296427,0.13720328352660016,0
C005,2009,37.001139862087214,38.72346583233574,-8.749471601023536,-0.07336669208710256,6.396911068930272,-5.136258638334845,-2.0,-2.4091973839142264,0.32951584683499624,-1.8905906877570107,0.09985284682041212,0
C005,2010,33.12722554662979,30.84087217413587,-7.077504205628743,0.2755713646550231,7.169074227678484,1.0620256108850032,-0.4859740638348766,-1.3976001706726089,0.27735799143670115,-1.5247792783024225,0.027723741617615424,1
C005,2011,39.790027755150305,37.396598205543775,-9.598136679477697,0.5715432489201114,7.280647422721043,-2.9622563008795715,3.3893657364070666,1.3463807763547746,0.1453372411318113,-1.7162057069419623,0.08473264348147042,1
C005,2012,44.24767527357791,43.77153731688306,-7.900866560911393,-1.8368579231298674,6.466144494267931,-1.631379699164308,9.083853973309143,-1.3410937287189142,0.2332195296475954,-1.889457938999279,0.21378054094072726,0
C005,2013,40.212402386503356,36.17681752743594,-4.401692546793491,0.9758074419687266,8.480124794923759,-1.817668742503614,7.795455658400931,-0.43643785052884243,0.4060938118739048,-1.6441020898279337,0.049762251317189914,0
C005,2014,31.168976698251484,29.612733950733677,-8.813782260693877,-1.239968267745168,7.927231901983071,-3.670946262435633,6.1597947232020935,-2.08950843491588,0.33566553871299926,-2.266219434073541,0.06932474184367028,0
C005,2015,32.27843521817002,25.538506632818766,-11.28819220219885,1.7696172973576956,9.286371292555673,0.5809900971573367,2.1839756977448914,0.32703871660762207,0.3932980419360374,-1.7152745688261524,0.11532021530545769,0
C005,2016,34.553316108105,29.184980448658244,-11.920422929852059,2.288722864886002,6.759589749036183,-0.7710116837098068,2.0430277251121343,-0.42642878498332415,0.3321169067707211,-2.4584344228746633,0.11245061069211276,0
C005,2017,42.81501640063862,30.226693342541175,-13.098974331210794,1.8483682071125858,5.874818772037926,0.04943808160898505,4.0379867240285545,-6.038392276529602,0.49145496428615804,-2.5,0.14306522654638526,1
C005,2018,46.12725800490632,33.13315364890091,-15.28558796552327,-2.067027859810055,7.1400575929693755,0.4243258558012205,5.24873165683773,-3.5427736205536196,0.5157585389182059,-2.5,0.06576910714934883,1
C005,2019,55.699190219069166,43.7710884717673,-11.447824970428641,1.7210893066269568,3.9363815353049874,-3.4754178358274936,7.186529886530017,-2.0435705842165106,0.42227659917036653,-2.5,0.8372644959995139,0
C005,2020,50.644834247917935,34.66980832482897,-15.215529275930487,2.33454508444863,6.12514932188701,-8.690206056499271,4.490607390304724,-1.267157867872325,0.33625072132284894,-1.906332112261423,0.3604631849976577,0
C005,2021,72.43834909646772,44.16955683156759,-9.681777020285422,2.5022708813514725,6.317071080667326,-1.1058353213440268,3.9937029262048194,-0.9901231615380109,0.3883632788806043,-2.2006974680204197,0.3976368459636184,1
C005,2022,67.8075925273139,38.7151657376765,-10.216398157027369,-1.3013266999327526,5.415190583993067,-0.7130778949138222,-2.0,1.578334925812569,0.5083095531288352,-1.4064483958321872,0.5624170576968344,0
C006,2005,50.121941235622664,34.082180106492785,-0.3442500882160733,-2.7764734526270365,0.2,8.793650558612592,3.0514654815248834,-6.8953960908228,0.4781780115207671,0.5068609884186731,0.037790131945490524,0
C006,2006,46.088473435648865,53.33635614425359,-2.7963111538385865,0.9049279766406846,0.2,2.7031776211840612,3.3274353097033504,-4.66884990569608,0.22853249724447283,0.617409872183707,0.12461832270816935,0
C006,2007,51.48293843679882,53.06869287667162,-5.688574516553677,4.948691739252699,0.2,2.278174860998228,-1.1036840590989492,-0.959689570633564,0.15747392441164298,0.367732661805943,0.11803863344005135,0
C006,2008,54.185023438320606,65.94525883706608,-0.25091277182477345,4.981971368882186,0.2,3.4073031613284424,1.157749482797849,1.2449035040667846,0.43895183937375254,0.8364774103061409,0.1455803315786248,0
C006,2009,56.38688362784538,71.46501433893604,-3.2890886025021775,2.8497955479848143,0.2,4.892971941194832,3.3257126100153984,0.31298679086910064,0.4468674705001005,0.4282050049836934,0.32170147469497595,1
C006,2010,62.83438675765496,63.604867141171866,-2.8754072346090926,4.158416593808443,0.9911169359455096,3.7980151540280453,7.537263196072155,-1.0733199611633144,0.5986304553003401,0.26643210707215714,0.24645972883839382,0
C006,2011,47.962951686634824,56.260568298393096,-3.3831110300064853,1.1123738032432966,1.8987301544682822,2.2413613818194325,5.672153855035948,-1.1622634179886073,0.5989928272076624,0.19905222253223298,0.36867899433659246,0
C006,2012,47.69530189553157,52.867113252084025,-5.115962042003583,-3.7857053315353872,1.6957154764588522,7.517623095609003,0.03976068799139032,-2.834524565264426,0.37850418650362927,0.3561125154046594,0.1403355666185135,0
C006,2013,47.21687469897326,61.61455563133758,-5.4826886999895565,-0.9847076813181739,0.2,10.319581349003666,3.7653384912653185,-2.0363300118658785,0.3930462573484834,0.6846480438096363,0.12090671747037739,0
C006,2014,41.13204909687219,59.894177322492446,-4.7241587708552855,-0.2724264580529732,0.2,13.853641548126674,4.1063122633513425,0.5534974933270669,0.4336080942418431,0.9898355237208325,0.15620489606228155,0
C006,2015,34.22069691145532,44.366235921412375,-2.0053501679926677,2.1108895242312338,0.41854444486680875,10.849141740279748,3.6744383787417334,0.4182317225457345,0.4606762620327349,1.033280322838397,0.01493650636612422,0
C006,2016,61.52121960767576,58.8664262827632,-1.2638808502401733,3.776376136193398,0.2,6.067290268087687,2.1992544836247343,0.7207729011941241,0.2523348371770045,1.1710434999517283,0.11632964675168947,1
C006,2017,72.41959611059703,55.60274855806112,-2.887624689696267,4.660429870987616,0.6690508819852228,4.939913532615974,4.289355505831285,-0.8392673529263045,0.3876025421483648,0.884499284198988,0.22441149009322842,0
C006,2018,59.94096462789911,56.501402848639394,-5.732108774989413,5.0572426396818715,0.38156983838359076,2.9173223006794364,3.0557949831517286,-0.8676191980855876,0.3685807339634228,0.4496510755665001,0.41152742833743877,0
C006,2019,60.90378334412536,57.33438479254998,-4.017421998643609,9.059719063051428,1.890924012821556,6.5248245609581605,3.5422231894203775,-0.4641288475104458,0.49075986923227305,1.1971650415729678,0.08322078772749618,0
C006,2020,74.49262934190799,73.82410093887079,-4.974396532398901,8.457361874218995,1.4834249774610486,1.7591919874665072,10.456004517753907,2.272108625235777,0.3080886267275945,1.5301326730672042,0.6676181716696905,1
C006,2021,69.89641462947638,64.0428595169482,-4.640168433148955,8.86187147280081,0.8621250240072847,8.316244861414472,5.990238370759001,-0.05277817999851042,0.28753942208754424,1.7604244468931531,0.1819310953919391,0
C006,2022,62.7989736615955,53.76131716666961,-2.022172278297805,5.1029283058338955,0.2,9.281480446362618,17.00576979215198,-3.200706981461024,0.28846568678489204,1.995968930749802,0.04575310303505139,0
C007,2005,50.89637740782205,13.758490248640463,-2.306985315315156,-11.239198140656413,1.810301398291375,4.465153784186116,24.15141626557608,-4.055685872394798,0.4835585274510791,-0.9084588308570872,0.15026079319973773,0
C007,2006,49.506358120975,3.0708908601491416,-0.5260409601546918,-8.687675259995556,1.9938656879618872,2.7699060373551605,6.690166046825446,-2.0023666037043535,0.3750312654901806,-1.1746094469444137,0.04628616324435265,0
C007,2007,59.85323836144747,14.254494553986767,-3.08465601595665,-9.914847253385005,4.750425211847684,6.626214301178379,6.121573215263364,-2.518477092087553,0.46542540146090444,-1.437698906795109,0.10746460574213693,0
C007,2008,59.08383627161363,30.33249238910976,-3.729910369046854,-7.265851402819287,5.7093424485568285,3.9845657336047045,12.7022738440543,-2.182959832598114,0.4185118868604495,-1.4646548613955956,0.033511745485611394,0
C007,2009,60.10083688947364,40.600416744381036,-3.8155387648231582,-4.367377642571788,4.8737734167449505,2.6072047579053015,15.28527108045019,-4.896406491309923,0.41486091378046813,-0.9685430268433011,0.05460960336158939,0
C007,2010,72.39621073583332,49.74249303272716,-3.8761414095247617,-4.162941679053556,3.9328486164106344,3.2295413993572284,19.45188087723998,-6.422654712894927,0.44515121761027854,-1.4212691126257515,0.13141180537976835,0
C007,2011,67.3276744748878,44.03637193586552,-4.362587765635445,-1.2306438586311286,1.0190670418294,3.687945227326799,16.10340288321681,-5.492474363016666,0.5649059885108902,-1.3228356540769708,0.11085816132330413,0
C007,2012,60.276381436483746,44.2691109554357,-3.9667697579457193,-3.871387205299385,0.2,4.932218882588898,20.300715185708636,-5.854570927804885,0.5945646827032234,-1.8817312106755781,0.14242077711138323,0
C007,2013,50.31734686224836,28.978352642228558,-2.9802672445729863,-5.849794057763395,0.4568546407061243,1.0448460029249964,12.486745216445508,-2.8132334419426086,0.32017503235504585,-1.882475234922574,0.2074995211336738,0
C007,2014,54.47226371616072,33.98589320224562,-2.7596101641713937,-3.775546088836199,1.9490301124281633,-0.8830649789681595,17.06428409717866,-1.9194346684707215,0.4830214033895271,-1.3772248399001412,0.33918493174480074,0
C007,2015,56.94410460138345,29.639172359857184,-3.743244763837274,-5.982448458614145,2.4140952966043714,1.7498108956518315,14.96586500432476,-3.519793064297887,0.5745278836629774,-1.1703707361862004,0.10067281336036304,1
C007,2016,62.73316246520548,35.60051066223006,-2.8181259358907527,-5.709307697286063,1.795580334558066,2.502310945267545,11.878135483694198,-2.500445815656704,0.5217589758206478,-1.9830347696644899,0.12920960630549358,1
C007,2017,65.41789968935889,40.88542500720646,-2.922614901687498,-5.014918149906968,2.6236695049427983,2.4491279619478106,9.235899175926223,0.787596618380543,0.3779420315779436,-1.4400554094302251,0.4655535643229244,1
C007,2018,66.27772306465555,36.40824707991935,-3.065049075892103,-7.434999408604817,2.7471927835436274,5.75734764741048,12.459278692328436,0.6654455554953087,0.46851436345795466,-2.130242677672378,0.39532970512049576,0
C007,2019,67.68027936533018,34.511779700602276,-6.013605347578269,-8.345988835611779,2.854477503607807,7.719735155940899,10.387156622157312,-1.435598109821042,0.7778756871316705,-1.9572514225014142,0.4010514346586048,0
C007,2020,64.94410860982117,34.516578336267315,-7.912804933604532,-4.298845282087033,3.638724400093551,-0.7814069337447673,9.177083120940342,1.8511698406626005,0.6709693148875318,-0.8107777601262862,0.5525586976524614,0
C007,2021,61.037910940826364,26.694377300321975,-5.46049022362982,-0.3384346921459769,4.030027419497521,-0.47267612755345434,13.814097453686284,-1.7057864997719,0.44907969432253886,-1.4713275421357759,0.3821310741593894,0
C007,2022,65.43844409191742,28.058217321473194,-4.588812783870643,-6.01831363814773,3.5576028574781127,0.7437358707997485,11.370444820054416,-2.7294550647533686,0.5002631333102485,-0.8800173236160423,0.2360635791307647,0
C008,2005,65.89100162631772,43.860651978023604,-1.9844845727847282,-1.0063364392595144,3.2512575400278148,4.932954750427914,1.0235690278247644,1.5769703481323711,0.6339514952159331,-1.0019634368781067,0.10059835961678816,0
C008,2006,73.12863910044442,48.8878698208732,-1.7776672319652644,-0.4511118177920038,4.002285249815879,3.40621407516692,1.0892495484928228,-1.66123335626843,0.6251108028035378,-1.1864867908285353,0.030198486100417928,0
C008,2007,70.06655828819439,45.1633935660511,-2.068150336021968,0.138466340659261,5.172291971523035,1.2609139005654204,-0.5533548050495014,-4.888444753974413,0.749669601026639,-0.5806267524864089,0.008444728176438621,0
C008,2008,66.23055950122766,35.6991888500264,-5.48287148541754,1.4833993791124647,3.448485777841881,-1.764465371641882,-1.5979325609206816,-3.8663714206576523,0.7024335593734476,-0.6489949898623197,0.012828213750066214,0
C008,2009,58.296718432305454,26.067828816081235,-3.931282345215386,-1.0160580995994182,4.652283517459374,-0.4815731113746041,-2.0,-6.091922322632065,0.48839961916792585,-0.8131779216770222,0.006020154587607639,0
C008,2010,47.08546285768031,18.123741651126636,-4.864945550604277,1.250079460280043,5.84215856181614,-0.6451330716602082,-2.0,-5.962669620338441,0.5237033619994899,-1.023794639435097,0.004818655193141249,0
C008,2011,32.22000708120148,8.566911299000184,-4.087902923808632,-3.122372382149801,5.619003152187924,3.723284715652161,-2.0,-1.3209788298742429,0.40113535177353515,-1.0302857615106409,0.005069091289322507,0
C008,2012,38.76401921905569,7.4066528046319355,-4.67031159776109,-0.14386007635388376,4.305238457115536,1.9262892552069963,-2.0,-3.152428126257953,0.21618016710653667,-0.3830010210164002,0.0019755873152853876,0
C008,2013,44.89790196362498,7.9701026405971085,-3.4601818783232865,-1.8732465895738148,5.855805006246577,0.5537036001218767,-2.0,-0.10964199005391695,0.23679654928866964,-0.0845314116263236,0.0026753280157849517,0
C008,2014,44.132972847285885,14.025904266817935,-2.529374063839227,0.6786671377489086,6.082886696963019,1.048725213457528,-2.0,-0.8402066609817262,0.02138863741731395,-0.4030588100919268,0.016098902704832038,0
C008,2015,45.656502103352906,16.20836247006576,-0.22432017728071774,0.008763435451308282,5.375394068954621,-2.2685004753080764,2.8574324966022484,-0.8955422746125201,0.2654360509929762,-0.3308785989394438,0.011016279383685662,0
C008,2016,41.004679044171574,29.270784509503763,-0.3054282206613387,-2.218675253662397,5.779940474392272,1.1204945047552033,4.645780592061889,-2.8164293215020137,0.4206698370299883,-0.03128358183337632,0.0028103970818444484,0
C008,2017,53.06473494411105,42.13556519613748,2.2647985257428225,-2.037477946673182,4.893678900165917,1.2970457143856793,4.914678398822332,-2.925578448153982,0.5101825055977663,-0.4022141721365358,0.012802483584594857,0
C008,2018,50.84693879346004,27.483257147172115,-0.15198756030405147,-5.726884351870889,6.132135924924244,5.431926955318028,2.218374478572568,-4.536912343792581,0.791246332965631,-0.4901881879026998,0.01584381591886925,0
C008,2019,52.15384223795316,35.26860692888795,-4.000580052507756,-3.844741210730657,8.065220844712494,6.048802808429544,2.480435626249441,-3.3481808564068802,0.7706694960816632,-0.0869370621793305,0.005434894518674567,0
C008,2020,50.48788217307418,21.422838558514066,-6.383116432932972,-7.834169525164478,5.771685147052606,0.0647239505759416,0.030552727786140155,-3.09103584104614,0.6572834645269932,1.0695714768222526,0.001836571565302458,0
C008,2021,65.18538377415278,29.022655593236436,-5.22473747092079,-5.9020644132232345,3.9647971711089594,0.953373846393864,2.7353579591998076,1.5153081906746957,0.7358108230761549,1.0049772103496053,0.33536897553236955,0
C008,2022,69.49500358540183,47.885599141602896,-6.961666650215582,-3.893241240620135,3.877525573290039,-2.4616793112823596,0.12084728769109132,4.5648405538808445,0.7640550318313977,1.405248708407362,0.09983707825478214,0
C009,2005,30.664795878416946,46.03084893265364,1.8006273316246493,-2.298965325258504,5.573868026237973,4.942266530118614,15.132527166253661,1.1338765994826951,0.5974480058354943,-1.7853873592163003,0.03356249616909895,0
C009,2006,32.453825552413136,41.63515857948144,-3.1337071121398505,0.5453942294279877,6.012701738035593,2.1620640668565905,12.193920503393601,1.1526923694584494,0.8447743459349237,-2.06641899624357,0.0719514373126201,1
C009,2007,27.37136802991249,44.08318276085369,-0.8534631643781683,-1.2073378613982069,5.71760317496329,5.459853939179199,12.392703766103349,-0.21496220994009918,0.8812776099918946,-1.1236075918194985,0.04558090033870289,0
C009,2008,27.445563762044536,43.845345464191034,-2.4523833790557568,-4.857706573422161,7.177844191045935,6.3221993886251155,7.495519386220567,2.3515528268872394,0.7435648127733097,-0.754431041965762,0.012462704927441275,0
C009,2009,27.16679804998328,41.55220670949335,-5.14880967119198,-7.241250712528557,4.427844795764913,7.740508101907107,9.468364125415285,2.8197322010126262,0.4448938909853115,-1.228832224012654,0.15091658640984676,0
C009,2010,31.15555302982853,36.88383099497412,-3.987698557983658,-6.648901692060941,4.591497705564188,1.4079430570803995,4.770681696550074,2.166638757405987,0.44867655990314886,-1.136508529196273,0.3008836646691789,0
C009,2011,19.93302675405227,35.589089586225015,-3.1701311780100325,-2.3520965202408917,7.195972739784568,3.8002711961643474,0.433777390538884,2.169567867967286,0.47541178645434634,-0.4207104503107101,0.011574031347353787,0
C009,2012,23.037871607417287,39.24305890205052,1.015434725602573,-1.7881413109352247,6.38049620248114,4.327490946566309,-0.38174801723539176,1.3259272823368313,0.4675149536609861,-0.9437053652070633,0.0064552097545524404,0
C009,2013,28.472682165238545,43.57579589570959,-1.722204500602776,-2.533215568793743,4.625445761268686,1.7498455299618176,0.8021847289570444,3.204573266939731,0.46562940249940893,-0.5440726070354713,0.08121067584834413,0
C009,2014,34.328893909778934,44.33723886441131,-4.372555109450435,-4.611419614497336,4.743848398149667,3.467918494741047,6.049699903179255,3.089532034652846,0.23545217362473675,0.5269482439260815,0.07936591147988843,0
C009,2015,24.298675793571782,45.30388604194453,-3.6037188875710036,-2.11739421053185,6.6068958306549534,5.024086214690465,18.466470790775798,-0.3849730024736391,0.3409946081320853,0.46667970026640593,0.01500564614972386,0
C009,2016,33.09488640102221,47.9080623582797,-2.572281843555662,-0.9994238744783623,6.7485153440818575,10.086626380594947,5.0438761206637075,1.250266589772782,0.44605713075774367,1.0165850663867941,0.00440744885725688,0
C009,2017,18.651922614981768,37.803225283793516,-3.3340136302302894,-4.182155909335656,6.658876794637075,6.2632536991980405,4.798731369047928,1.7752819641582176,0.2955425923246287,0.5799310946565879,0.02042978074273715,0
C009,2018,16.622053389751677,23.807426068796367,-2.1438766428757976,-3.6468193479003106,4.440800937288687,8.53903109775073,11.293697707528274,2.613663925599637,0.31088986435759336,0.011468448265069708,0.04074873772555558,0
C009,2019,22.07248607450636,25.09956782726796,-3.533932866431141,-2.4514160965958505,2.6521835133753293,4.61004789320053,4.09742084226636,2.8035577936395337,0.5139648833510296,0.0072117948815706556,0.03880951456932011,0
C009,2020,7.0319026525344555,23.85255602244581,-7.327475580359854,0.01579935136760957,4.8949611420279995,1.656234228712882,-2.0,3.8929723407018226,0.5547274493440588,-0.6980531310158995,0.03178302839094737,0
C009,2021,9.40819912719908,18.825607048732405,-8.995752898681534,1.3565448735053764,6.299486996075248,5.67272185964128,4.2345344089974235,5.348939923149223,0.6757465671611987,-0.7938173000146197,0.058013820229172,0
C009,2022,14.172394486864118,31.567661396258323,-6.567743385489186,-2.699143621605096,6.128063597381127,8.523137462442246,8.301550188620483,5.0439315000224445,0.6658290149495716,-0.7785469387839761,0.03870777672677121,0
C010,2005,82.56870972301563,30.92030470504939,-5.397867619268297,1.9268192340285355,4.503570187587123,3.4623531144719566,5.345541229404388,2.6730119683091225,0.33979728584253877,0.287836999799567,0.5323099743437835,0
C010,2006,80.50186249297425,36.38408621352711,-6.952172088509876,4.861743806328296,3.9320116414168544,5.692776929251882,9.083502260060465,2.3537945245573,0.4372412844120921,-0.27239762035589127,0.3455693868463445,0
C010,2007,78.12995145965024,33.69790458512097,-3.229440789699993,8.657377798288769,4.850072046612302,9.738087020410545,3.900204825821036,0.1832005116189439,0.5602353539954696,-0.11906180649253786,0.022686527239812588,0
C010,2008,75.7746127885916,27.194922943489136,-2.9966172555009747,9.016927554343587,4.195722434910519,6.101596907338987,9.562368326289338,-0.5182628654968244,0.7220262317188387,-0.2879876543588435,0.1054221613335709,1
C010,2009,74.43513250439973,34.149191830711764,-3.6103867599477772,3.5348300573272153,4.51559032959009,3.7113958638521076,1.3806471272578529,3.3711654428246756,0.5593568138737338,0.15678623265391817,0.2127222667403136,1
C010,2010,66.2621682198754,28.403880419477755,-2.088124052472387,5.275766436852017,4.009519668111555,6.544752517204206,10.516371185366879,4.529688355149495,0.4403713698307927,0.2908303265226555,0.18078838847473433,0
C010,2011,77.77151468139367,34.52667215930019,-2.544628656352846,5.24569519575324,5.492422099826093,-0.7554450998924871,9.891211497481379,4.785154234126005,0.40154706100544396,0.7390166110751368,0.39788544025576383,0
C010,2012,66.06700607183447,36.58611319969836,1.5527444446727174,5.1915478763644725,6.532347229358952,0.855446939233579,10.391225021328355,5.3686271511873755,0.42700203982060003,0.610269126061693,0.22052474125497354,0
C010,2013,55.169847469936336,34.510490606255644,1.7057530991078504,2.8373305100145427,6.7566878858292085,1.2160150077058025,10.67558136694841,3.5322780024227365,0.18507873905952155,0.8642491852144973,0.06677412195771186,0
C010,2014,56.98046529223029,49.08113398636219,2.0870202338425243,4.2227313241598035,5.838233276641884,3.497381316215006,2.184759404620139,4.479951521457304,0.36812913574197914,0.9359149813124931,0.06970900551861464,0
C010,2015,58.31540084180803,41.40553324626712,3.929694843275535,4.929335825773109,6.437571002998353,5.658571485556904,7.5830704790559995,-0.41714417630638945,0.1854021916208068,1.772784798022744,0.030952542389300976,0
C010,2016,57.07959166778141,42.93067100780307,2.5667430115800602,4.899515946207671,7.253961303125689,5.220120777784213,9.702375881642121,2.31293779735634,0.29108865856931165,1.61214400966563,0.04181970173034427,0
C010,2017,56.31200751157121,29.317960377652817,0.5065599577617458,4.720248930560387,7.1573804277709145,5.3794789173342314,6.843247771765384,4.033076046062918,0.5109823331524728,1.5461495203803732,0.05127328008584964,0
C010,2018,64.9458773722598,26.70522623625559,-2.502572675341395,5.576947124443524,8.91067087694948,4.09425837442398,7.640543989104585,4.091691125812649,0.5711770338862675,1.4680190537404965,0.039295788825754706,0
C010,2019,64.68014906945727,35.99951215818791,-4.445101102167714,5.936928857738027,9.18558036841406,2.3641055707819394,7.524796219255,4.499643434055354,0.6432571300833549,1.4357303335592546,0.03442924694727502,1
C010,2020,58.630842639880406,30.36659188046096,-8.733401476375947,4.545583624627136,7.802148437374111,-3.764148205394946,6.363351886671612,4.165144591345215,0.7828888750054734,0.5112806652758186,0.43951598890320664,0
C010,2021,63.400259426722165,31.59995038912431,-3.385652172933838,3.468388836897182,7.058272271702529,5.772321721387965,1.282521246726831,4.444152910881866,0.6387206767862711,0.3654152999597837,0.09765949398818924,0
C010,2022,77.91142008334215,33.60367383082129,-3.301385076741289,3.6379476798151242,5.584267964520897,8.161098832844242,9.286116938337136,3.270431802448761,0.6552297454141636,0.5621020702404396,0.10853077525481315,0
C011,2005,60.19675564023714,55.182629524484256,1.5521831692930421,-13.709235253247027,8.246913437866139,6.384950241704059,6.689581910252618,2.959364295663546,0.8672256725840448,0.4084567034169534,0.018091619898420293,0
C011,2006,53.26246424583766,50.647652295697604,3.9649593161410284,-10.954090866367936,6.599215073631143,5.395395309604813,11.42509523332143,2.8408003413340417,0.6451485998228467,0.3001239794937352,0.05933048211650255,0
C011,2007,57.049994292309016,45.12110022485208,1.4759279211342724,-12.755155532928963,8.716276453648153,2.8833334513525037,8.427858378280474,1.7193891881163499,0.6504634177583855,0.1424181687533032,0.03603101328311086,0
C011,2008,59.75314535211105,44.99194487396004,2.0136040775140733,-13.789425500385036,6.913118092773255,2.6155518703385674,7.679119327398854,-0.12324347438855421,0.7266189120348416,-0.07795157977011063,0.034822880661886005,0
C011,2009,63.997088273366394,51.88201917519624,4.328159185655956,-16.611373297606388,8.882841340043887,6.871836848328256,6.514174711908578,0.19379966596295062,0.6061065326757258,-0.25565745240717574,0.014014682953620825,0
C011,2010,68.53300365130079,64.96908437675322,7.159274620828331,-16.28826868919647,7.859197721596973,0.3849800815566624,0.16406629684365814,2.6409799426536233,0.8062716805423655,-1.0902018908524027,0.05479969108552416,0
C011,2011,75.91448311405614,70.50076190624792,2.142909471812882,-18.0,5.6695775374186175,3.866420772223772,-2.0,0.41340373119432705,0.8815569082591564,-0.889893108177568,0.03860317077179927,0
C011,2012,75.00080274180853,74.95635559140077,1.5213781876354568,-18.0,5.910642460840421,6.327642282925924,3.9865857941843066,3.6505787892894395,0.9446228438909984,-1.3407703731820966,0.1608530845055365,0
C011,2013,80.19777493677284,82.99224272027769,-1.802872871983322,-17.583957296823865,7.569529060542199,8.112301599866882,7.6566401684411485,3.435393826220203,0.823014750729156,-1.23562687143415,0.21594769226584565,0
C011,2014,84.89440538292055,88.41404359013325,2.5466062522809203,-15.420726457040985,6.527041769036855,6.034263316387844,5.178469378727753,3.8236182172514415,0.964701977196555,-1.9947604823226288,0.2821070586837639,0
C011,2015,82.99054750157626,85.79159064010062,2.241216417718152,-13.804370485289839,7.043611604558313,8.486566642561634,3.0051271710404563,4.187923700543488,0.8661701572777903,-2.111609769045247,0.30671809256088656,0
C011,2016,78.06004621063784,89.11817586099494,2.884711191145327,-16.281329895728668,7.98940046260236,9.510145433835739,-2.0,5.039889188347743,0.8036604283546702,-1.4131275515850261,0.2493637854960601,0
C011,2017,70.66264491501943,85.62157253475348,5.058589773913491,-13.62123107626184,9.912185253857151,5.6651559580844335,9.562808622551227,0.13807061847484237,0.7845208851220036,-1.279737880592954,0.03134619971522585,0
C011,2018,82.41393726467335,85.84054349376507,5.032867243265955,-10.55240457515294,12.387770933373847,2.774059820408467,9.325138390922323,0.47704960503253513,0.7095545584332614,-0.7368079802561618,0.04895403620134442,0
C011,2019,92.79218983580778,98.09977948107053,5.0952060877716665,-9.30789728724559,11.54301547006677,3.047338571445163,2.0709132591665895,1.8283680023079922,0.6919728495868884,-1.2741707361474894,0.02775561135491482,0
C011,2020,88.66003426068512,102.55718895162295,2.801332630524821,-7.514256236762188,12.158941686696062,-4.468941954031656,5.63041400843268,0.11068411156714819,0.7333859734897147,-1.1721242937446983,0.060633332885403596,0
C011,2021,89.73639827953764,104.77080013214727,3.5745048897063088,-8.982794871126815,12.807952213782302,2.9011702420961667,-1.133212655532705,-0.5492951357210243,0.8469806303186955,-1.0099115405165173,0.017143601667765917,0
C011,2022,100.00007756438721,114.8583268044643,8.0,-8.119388907543925,9.672053620598891,3.5650228295260655,5.231830798034508,-0.5319330438024291,0.8856607022395218,-0.6275287824384852,0.08574966568901972,0
C012,2005,49.91770610817546,14.879803080491309,-1.8789387985594779,1.249319764394949,6.350055268643856,6.651999237874765,3.9996826539087653,1.0310793346085079,0.19289940219139723,0.06168134602819342,0.013743259544191219,0
C012,2006,37.43161033880526,16.812131102352254,-0.8604605211309883,-2.2339743012063886,6.150887680646092,6.4649411209568255,3.766465591308069,0.3185007613776436,0.46985187625072566,0.40070169031293823,0.0035362590269610696,0
C012,2007,40.71911460567776,9.278866094328688,0.9658962299001539,-3.3730957490223465,8.127978791993954,4.432582436310385,3.7079589730473757,0.26576010006347917,0.48788525223701595,0.15028241819084398,0.003783944311632561,0
C012,2008,53.83782333145987,10.878640914069539,1.5765042573280716,-1.7554137187385224,9.34105257983412,2.6398907074745255,8.585555722350108,-0.2636931533728087,0.44032660699814336,0.28015564676793214,0.01402307894848493,0
C012,2009,61.9439476693991,8.199854243647422,-1.2001391719550236,-3.377083829521508,10.192539722484739,6.432022908707593,3.1443028990918096,1.0385553171376836,0.22220562197549756,0.533446241031221,0.0015326779175949216,0
C012,2010,60.36631220334284,14.131587766091762,0.7151920968501124,-6.873163623214385,8.59860027477371,3.508541774138947,-1.6980607901609526,-2.236381030537573,0.09891466688899661,0.41893699228962344,0.01231372439936826,0
C012,2011,54.32989358586898,14.54577718793631,-2.6436577405376354,-6.13703000648036,7.529437540534812,1.8922109225439934,0.2382789239491026,-4.3925515059876545,0.07352229437211977,0.10262944843103067,0.009379086241867791,0
C012,2012,56.59810948587427,28.679987735467932,-2.1045996037470927,-8.417512386724063,6.42222051070715,-0.936138444218586,-2.0,-6.468208327425421,0.02200519790032432,-0.1691092976618133,0.007182987534735255,0
C012,2013,72.68896959052786,38.79838139659279,-3.0686921862628105,-5.698713151093999,6.133411893788748,4.549282470811921,1.7171152564465706,-3.591111603204839,0.02,-0.5881593347191855,0.0192078265441728,0
C012,2014,62.94409855011687,22.49170399062714,-2.3946576210716333,-8.487949501147373,6.640625922228833,3.400148242860337,7.026469160462496,-3.7264932364732983,0.02,-0.3548009580012578,0.07870721791881122,0
C012,2015,76.39865367616657,31.51563253621448,-0.3517202721256436,-3.9832742856001055,5.855370069434703,8.538202308483381,9.096141176186967,-3.4693476833300996,0.2628170905925854,0.15871883275076581,0.04322331217993391,0
C012,2016,81.5329585571046,40.14214937111316,1.3429505851101178,-3.7952710045339586,6.8031797558655605,3.9774783641813056,2.5118447331771794,-1.7997161878796628,0.3570621300825106,0.15830022757524945,0.026872931771960977,0
C012,2017,79.96037850022847,27.904950566438842,0.014705636056088656,-2.0712598812088974,7.277853894749056,10.205192119665186,-2.0,-1.3680225925530192,0.24805445393395528,-0.14056848898760133,0.010330632182791497,0
C012,2018,91.68826810841364,31.131645705530893,-2.58672804387533,-0.2851654078729311,3.633605316737485,10.173264341004284,0.3951136575043703,-2.5224828604117517,0.2881815549882269,0.6258835273383457,0.019404327515024158,0
C012,2019,84.58322797323466,31.023428709495505,-1.4917456396741262,0.6795651997524038,3.288766176571301,3.7115401719712304,-2.0,-3.4613563906628846,0.34464638803087916,-0.25548155970398134,0.04765812620946239,0
C012,2020,76.38896020044622,28.151058708585666,-5.574111265305095,-2.4538533442622055,3.2365582786198135,-2.4750169647444107,3.549068899335078,-2.070554633403107,0.11852100137471688,-0.0071534717657461,0.12112436198580037,0
C012,2021,89.56456047430379,25.932300684821833,-1.1858263129507618,-0.64755461728188,3.101836785382663,10.816571026719547,4.171872239501029,-2.271484744271259,0.1841121783141219,-0.25972343025873834,0.03823707386328851,0
C012,2022,84.49876137819385,19.781942759381604,-0.5724027855714151,1.1063186396841056,2.570351729439882,4.240381180974438,-0.09370270464828323,-0.9959222735355263,0.2299131077334993,-0.6595913569260148,0.21833302366861157,0
C013,2005,72.92802446132681,57.81786390748189,-7.766660008595537,-8.749364286646966,5.6265142293652595,4.742677383441893,14.173955229526495,2.2219178678528624,0.573297461609309,-0.27805935717268027,0.24279857257831608,0
C013,2006,69.79957201455241,63.59418112747079,-7.392024274638386,-9.247368278836136,5.010778395294613,4.102499144060307,15.824712108473012,0.290796644302755,0.316008028249114,-0.7900757329620154,0.19093482601547082,0
C013,2007,62.291417028023815,54.126935442077055,-7.154595937055996,-10.303704937575812,6.099649709258606,5.182381271377757,12.014146589930094,-0.8833727817319998,0.23789100037793834,-0.7087193585556926,0.14418559015243962,0
C013,2008,43.904157400661774,33.8856670069857,-4.077925180025216,-9.36713321899678,5.571631062735548,7.898102330757964,8.415362438002425,-3.998845266294934,0.07396676450535059,-1.2408675302047285,0.009374847895190342,0
C013,2009,39.1883790589416,34.05076298636153,-1.3871586393971378,-10.898648980358036,5.6526156393926685,8.182361609179715,14.2093540472458,-0.7914395657152566,0.14635864513451494,-0.7480936579449169,0.03226431227836616,0
C013,2010,28.884151562360437,26.094703522441087,0.8417074321161817,-8.653104575720498,7.288902674712752,6.315770094574268,14.863220218279196,-1.7656539403406715,0.2806843239112562,-0.660407917328716,0.002568548986336933,0
C013,2011,22.186997752488892,32.40248229973863,-0.5819277571947203,-5.931255853039864,5.26807372165357,6.561171407825704,8.511326386737009,-2.4236227162545427,0.1989036118987899,-0.9159684094579985,0.011562384061763246,0
C013,2012,20.889207054774737,25.461672704351777,-1.2320673365856594,-8.057226226392686,6.364294342789792,3.4971874412321378,6.641732647888507,-4.138199696997269,0.4374995642133429,-0.8174398682232958,0.0026980588890215787,0
C013,2013,28.12942088513038,31.81017559570952,1.1559274809339835,-9.635966647123933,6.512335807969332,2.119929900313741,6.155304940643754,-4.355756319209716,0.3584851950147651,-0.7641551329211339,0.006483510588433213,0
C013,2014,33.201593063149744,28.814942219699148,0.6899886810277365,-3.7257236673358056,4.643257276338726,2.5296495362076605,13.173084095955442,-0.03188519533584433,0.36249561555415905,-0.9684776400453503,0.025604938389005624,0
C013,2015,44.877378371487204,22.99583502814278,1.8898039325507283,-5.3125358370300955,4.796152804238901,-0.8970848413934434,14.562822079072362,-0.633736194850124,0.5975358604089077,-0.919339947789261,0.151685606663609,0
C013,2016,48.61346927391919,28.60253946642264,3.1709213611526823,-5.027228488658327,5.246787247430777,-2.7376560799442045,10.871020095750444,-2.3621066950081833,0.6180940211075441,-0.19835847835763332,0.029343647413197952,0
C013,2017,47.24845208573811,31.890003905359418,3.756672004308522,-3.2315475842161643,6.332319400912695,-3.0844783189231704,14.07151769182973,-1.529736024793261,0.6758154000232951,0.6023376084477441,0.06005922141895643,0
C013,2018,60.819543888212856,36.10547312719467,6.022610222723777,-1.8876786642688579,5.734446548087334,1.618601601066177,19.382426445323325,1.1488318471150767,0.5765101208263201,0.5804591910935701,0.046808328156136184,0
C013,2019,71.60105309964347,47.56660391151947,6.643489681217547,1.9617783958417983,3.751711642788362,0.43302083599305385,8.335681986882706,-2.1559132546997146,0.6039439994466639,1.0152005402231328,0.04150681610021259,0
C013,2020,83.26178122931069,59.52796424733598,2.6606936542167006,1.003071826816685,4.362701309790744,-7.871563949277039,8.957003517398123,-0.2419659081331984,0.6349960838166723,0.8855744492613995,0.14022629821704596,0
C013,2021,95.46039321288305,63.29238182353495,8.0,-0.7033243957457552,4.0154249721667945,3.566588875275225,20.35274045823804,2.656823050113461,0.6848495462800208,0.9996196079456738,0.20085139236934088,1
C013,2022,98.15608637544489,54.9106805305257,6.527339743186546,-4.030547072481668,4.295094761667751,2.4452100887660624,17.784077640972345,4.832261780889155,0.1669350556390573,0.45920877257113524,0.49564743451784554,0
C014,2005,43.7600919089423,29.312146154456507,-8.888345425975544,-6.839944581105476,0.9908568900053913,9.733416081019115,12.764518029074836,-6.221374188884724,0.1350784294680255,-0.05994384276560327,0.09061914637570999,0
C014,2006,45.49062440390535,34.312034093130656,-7.630364450021825,-8.427491630182594,0.2,5.329080081753808,6.197459038508137,-1.4233201617517133,0.23261288744654518,0.13091369697569408,0.2560465857570398,0
C014,2007,48.180066980839456,30.3699581568897,-2.7249607071280892,-6.511881620735578,0.2,2.7307391580927454,9.114309458423016,0.799606061625121,0.39279030033360723,-0.020254658940249665,0.3719780572055048,1
C014,2008,48.032249373762546,26.427594526801478,-3.9492847316550157,-4.552809750385316,2.3846904939336584,3.347211061218272,13.494153823681527,2.340542278978465,0.3469424886070074,0.14628366785380764,0.49705477912690504,0
C014,2009,48.7767218749933,34.04102529811524,-4.54978053465698,-3.4366845734798996,2.113878076948658,1.3318462826227182,6.490006672033946,2.2767165488960006,0.5367321554519084,0.31710310048640533,0.5640700181714022,0
C014,2010,57.7110052369602,47.03726371463438,2.090281790595667,-1.5547743461029866,2.5895770581689304,3.2578255862438796,12.514623979386187,1.0484893165606777,0.5927696862899459,0.577967730317186,0.1313243581389424,0
C014,2011,35.20867835136379,22.96910872527974,0.925322257620598,-2.358881211048797,4.620689212035769,3.704207986403418,5.957665031003662,5.084915876903352,0.43206229885695413,1.372274317340619,0.041312011397364255,0
C014,2012,39.70584576524106,20.1065774865386,2.262695690052808,-2.537012992260441,6.161794619432691,5.126862453176651,6.142473045813974,2.0500810488076926,0.572427546181687,1.105390109851868,0.010704937741730241,0
C014,2013,39.61712241504527,26.53138588278749,1.7789788846454877,0.29654526915137724,7.7147894073649415,2.9561030361437766,9.554673832106497,-1.4006196317201531,0.5792311548209021,1.1416969305428144,0.011331788159458943,0
C014,2014,40.53085306065541,18.643472015777384,1.321432505031432,-3.7620285289263435,7.587334005051635,0.7777108443566991,5.239954339503178,1.838945750348053,0.4882028759880211,1.5623314424532542,0.009982099300099943,0
C014,2015,43.09608942979984,30.826814910059003,1.6019200455522957,-3.480998985216934,6.860591113674353,1.4022343435289137,1.6231574920323748,3.0224801964325128,0.029152085445613762,0.9031040228797835,0.05049668839057777,0
C014,2016,47.500712706804855,21.26101771045171,0.37550585672935605,-4.556102507912864,6.511020011830746,1.8363589604481874,11.249015131429951,0.6717460903042618,0.06686917308214989,0.7115944491439534,0.04948396349750382,0
C014,2017,47.97548455395464,20.117595333801756,-3.275444509889542,-0.8008274836743032,5.263236337596073,1.492764437218152,6.074946499547103,4.223241934507347,0.4744737909050218,0.6141082176003375,0.09585879092427832,1
C014,2018,48.84548027643308,20.665552251378376,-6.487144880194581,-3.550032629792113,4.077063036808343,3.59210624517449,0.21002103398167105,6.888857863936979,0.33571613484013596,1.0303121938079653,0.5202978771912169,0
C014,2019,45.43373671455627,21.332705034638593,-4.704563722411891,-0.7403109082213204,4.5924445041260125,5.538856030728127,1.0482153232375953,4.8863808090838665,0.4678150089123023,1.0356787872948594,0.039192571564912175,1
C014,2020,46.124778825190994,33.17035240740827,-5.340447030915902,-0.5714033160343914,5.117744453410076,2.1656237966931933,6.077082555452698,3.836779790279607,0.47576493081491245,1.285901659013116,0.3085741178331765,0
C014,2021,52.99451645400703,31.413665403402888,-4.02641076042609,-0.3572811985121025,3.381617171702701,9.291620166541499,10.816376889933029,3.3248572018119793,0.5097912140257334,1.2573683682619572,0.1376920362742208,0
C014,2022,50.33660595730548,37.919297095964,-0.8279867263989309,-0.9884172812183079,3.468802952105122,2.495341543010782,1.7708584619636332,1.40112608488635,0.7443232130134438,0.6996859017167469,0.029689060405455367,0
C015,2005,44.86107047070923,8.303958835529981,-4.947419032922717,0.5741537223367925,2.250591596943577,5.637878957964609,3.777896184467396,1.9893363186466537,0.4460840648752626,-1.4998800432056076,0.5656427810151264,0
C015,2006,57.85573010389833,22.077209147370713,-4.157565115969339,2.920792936242039,2.7602018288898718,4.7756421192332645,8.499606095504873,-0.5519968575657905,0.4865127074495241,-1.1371638849400898,0.2780016466446608,0
C015,2007,57.47039728399672,24.395627678002292,-5.841197519282138,-0.24329814030042085,2.3538996172969378,4.692713329619597,11.309819739406546,-1.0296516090864865,0.5994198095700972,-1.156595929419286,0.354469231603213,0
C015,2008,56.71783378992982,22.68165642563464,-4.17862412675305,0.8041988974458547,3.6751296795379575,4.168064260925849,11.832745631109624,-3.319216498351726,0.6215365113350166,-1.4324860068643845,0.10766973136215552,0
C015,2009,66.27913403146142,26.999517411485396,-2.5242087278860392,-1.5198161703503126,2.6458733358260593,-1.796421378593212,4.642452323012786,-4.525455529761312,0.6800243896792852,-0.44440414784205373,0.6968117391112719,0
C015,2010,58.513930667746166,16.065717323303232,-1.342599733233635,0.880369753728603,2.7102124549830795,-1.4193091601135466,6.835354250997769,-2.25227939576891,0.36364527579437356,0.14314834417909317,0.13392856154834784,0
C015,2011,52.00781859100443,19.016950258826753,-2.687170952332699,3.1356988430381456,2.845638664114564,0.1254900847409965,14.089916152884996,-1.0819108724094055,0.17676755131020752,-0.3624288417668893,0.14649138248721408,0
C015,2012,39.00202976430796,7.217331078566067,-3.1413248974684853,5.307572439445208,4.132541730630379,4.529032736089653,11.97205812586579,-0.06902339688650794,0.13348033836106743,0.027619503837343073,0.08600530567027219,0
C015,2013,37.59722357926546,5.908722012937378,-3.433439641969614,5.206991846368119,6.029593323316808,0.9806769678279181,7.792359791324184,-4.7083711279385625,0.1778114559460706,-0.8062022820207464,0.0077231686247225435,0
C015,2014,27.907155606827047,2.957745180536161,0.9844474796704894,5.887776024308499,7.788140126556003,7.315621400517708,4.800745747926175,-2.5943280784788096,0.15960240660709468,-0.6057064947672601,0.0020325824432254874,0
C015,2015,30.677986363146097,0.0,0.9554801345392488,5.3827731812157475,6.108861656971508,3.5527349985084293,1.24949518949873,0.1472117520721299,0.19366115702638426,-0.7140964476045362,0.035295003677542056,0
C015,2016,31.32947261235321,2.9051562967803743,2.9955719265077945,8.57777306554439,6.725453855677859,-0.6601900631837605,10.304312835028481,-1.5515870891380839,0.22384026852053165,-1.6655154578023663,0.030115448778253697,0
C015,2017,46.57366010715917,3.093070685895423,1.433632952404586,9.82632724670062,5.368007344169715,-0.24135051798033613,10.569449278104022,-4.17680087830113,0.2029074085314895,-1.549487801727122,0.019832151028838223,0
C015,2018,48.29329946086597,0.9469143416213228,-1.5660120052453244,8.324506847787983,4.514815058573127,-0.33141634189415803,17.46013755354221,-5.644956537693929,0.2690746779040416,-1.333108993981606,0.046782127205951825,0
C015,2019,46.600789019111346,9.29425357102857,-1.23374937492975,4.830625217665233,4.880041854302557,2.8335491044653365,21.38551495721816,-7.809212253816796,0.06891289245205418,-1.21389953622791,0.019222719943395875,0
C015,2020,55.659423597752976,8.537882137135746,-5.590815973556084,7.353691757799076,3.8825511756798505,-3.3075137916151336,20.683099274016662,-7.570652272721546,0.0969341078427104,-1.2936091744237737,0.10509673097064041,0
C015,2021,57.36816939967156,9.56886948693317,-3.6161837893693956,4.051481245504939,4.439526126996564,1.7555429013974098,15.141545780565549,-11.598311633714808,0.10745466297900436,-1.5014966138139927,0.012295772886621176,0
C015,2022,56.31965674997693,17.62588655022958,-6.838597281617993,7.965247099965236,5.422645791866853,4.722330773569796,16.981908847522895,-9.798802434164685,0.09780277453663597,-1.4888380960735088,0.014330598322896576,0
C016,2005,54.66327512616594,53.38097079115731,0.11669708961612679,-0.26663699303392985,5.086975222840961,2.9349429317301654,2.649727157034909,0.7322523245980153,0.7807893123659301,1.7096312181574305,0.03235160287777697,0
C016,2006,56.530335591764015,41.52445467299424,1.1782052950880908,-0.5322235895470511,6.48551576082928,-0.5148568779027425,0.9827083475727805,-0.37953310189764655,0.6132143469796653,0.8622735689617784,0.06439298728503359,0
C016,2007,76.94070061824493,59.96855341310524,3.1505292388059765,-2.30272591437631,7.223138661860303,0.18784017167638412,6.646383037914498,1.470960218398569,0.6018543584512532,0.982315614695499,0.16482775604403613,0
C016,2008,77.8802564814966,56.38678862951489,0.25527717325824906,-9.945932036792197,6.257510009860393,0.03384874669373761,7.736682277639756,-0.24019331506226216,0.6305290769399547,1.263844517602583,0.12547591592018847,0
C016,2009,70.56927585732778,55.24966506378115,1.9996564990402015,-16.23002340961317,6.010646862041919,3.7561790528154306,7.315917778873672,-0.08563448502482185,0.6061706481451433,0.5049998173363212,0.11893464454793629,0
C016,2010,65.63460906357183,54.23137747778965,2.092183879328659,-12.699249395560713,5.847956895984933,-1.5045550443880802,10.422654720876523,-1.3595476358491312,0.481069703584063,0.5714896777825836,0.18680931667065195,1
C016,2011,84.37301987386348,61.4753629098481,2.4405112242239735,-12.927936174278111,5.123778957027645,-0.04910839656656357,8.904946479720032,-0.6626969958917155,0.5849837461512832,0.6031657334618357,0.7078111420364823,0
C016,2012,92.73070993494885,77.08034052213492,0.6250750340318953,-8.905145793617752,4.409378116249759,-4.509480765969319,10.964378956623824,-1.1206815464484123,0.42242484152762355,0.6760204262281871,0.43287049083602397,1
C016,2013,94.59620639521738,81.93307760994061,0.9854817507075353,-12.002366042395634,4.718986931924983,1.8272236060402909,3.864799510730111,-0.8962911312556665,0.39702968685606344,0.7189673434363347,0.3990091937937112,0
C016,2014,79.180761205292,69.85594923482886,-1.6613698916991182,-9.394467623161944,6.775572991456242,1.4883349441031926,6.310629154022788,-2.4846363970973155,0.4842036353653004,0.4566630312912774,0.1715483679879194,0
C016,2015,77.92082792852196,72.93305813629759,-2.077319383398596,-8.898681668260087,6.951617719192422,2.285347815463744,5.54534804247712,-0.9001365243393402,0.6479310716475293,0.2406538660162005,0.218820313501256,0
C016,2016,79.08083416360455,61.392791351281886,-1.4738950754243523,-6.69581030136278,8.017233386756823,2.3282527073562487,8.033137647025084,-0.5257005459271826,0.9005838481154643,0.22939682211133788,0.12881055841340047,0
C016,2017,76.1523778778591,59.35833064853382,-4.7678248387392195,-5.914019824016407,7.58469204140872,7.427530797822316,17.0885190727088,-1.3671293676046319,0.9237792915130526,0.09299645590196326,0.29580141012259875,0
C016,2018,80.86489794532038,64.00702859074603,-3.1169172661036617,-9.076774800055926,7.004943304199742,6.186187928834573,12.607252658221391,0.1795289056887166,0.8164624052895212,-0.022441214874710375,0.37558926909605495,0
C016,2019,70.67902228972244,52.72202221429001,-0.32629111916653386,-6.080167901251453,9.065856229615537,1.8072478460587402,9.741686391357955,-0.7987709331598063,0.8110155921630725,-0.46604421844414223,0.15798995531124624,0
C016,2020,70.40650746124439,49.73980708046163,-5.431259702116204,-9.39722407057983,10.014242784494382,-7.066042754046057,12.56707195765745,-1.700452142843202,0.7661577788068614,-0.6475195168327172,0.39828271497684437,0
C016,2021,74.55367916242412,57.99591926063431,-6.486429202694106,-10.362164349727017,8.539906946159382,-1.8858701232881927,11.84080459243357,3.193529021600893,0.5904437659163535,-0.013640716653244067,0.736470934757572,0
C016,2022,69.75047596107191,62.23005703865414,-5.046904293007155,-4.903854903139287,10.56800780442199,-4.019761628462099,3.2423562907930634,-0.8442780080635128,0.46961321417522556,-0.09887943671808969,0.2542835225400677,0
C017,2005,34.1294769188604,24.39591564887067,-1.8752879091970596,-4.990651263832899,6.279564340852013,3.128655352594425,8.807453175146996,8.306030646735747,0.40396181989069124,-1.1451388889674554,0.7185745499976611,1
C017,2006,41.817579494623914,38.43749974200139,-4.655857951491295,-8.037792344196792,9.271853586033007,4.140708492732685,2.6443359119598417,3.128655047027522,0.5341190354267815,-1.148708146292591,0.21520088466267426,0
C017,2007,55.75203661128794,60.504486288680766,-5.3487393482814545,-12.303953342624762,10.825137445973574,2.731762441575139,1.683195574275438,2.108334647869932,0.5160669438056171,-1.2047759016797943,0.13228728886179622,0
C017,2008,50.64924269223961,57.72252649588372,-5.795292088541549,-10.121864058424423,10.106926460190735,3.730567463619021,2.827605007987848,1.7185402338095748,0.5355288834432823,-0.8817757294873059,0.21559876122812352,0
C017,2009,42.52338818414431,45.74969132704645,-3.4297053125589763,-11.310920998171301,10.225173800905633,3.3992747955477687,1.4867432705466495,4.16360996218488,0.25867197400743697,-1.126414647030548,0.1885182481811918,0
C017,2010,33.268210864148784,36.49729292099072,-1.7294640313019054,-10.593387009246058,12.530152115623672,0.9308548213793681,-2.0,2.64324458582617,0.21384461679445993,-1.3825294575444484,0.09534531035739999,0
C017,2011,36.74395792051173,37.00712152136512,-2.4053315095916457,-12.317108794504149,11.694271861330677,1.5241742745515714,-2.0,0.6164789982014085,0.2571196957169867,-1.1146099403063454,0.014623659439746412,0
C017,2012,46.25145857527764,43.797321206576314,-0.41633526946819766,-9.048258858060366,10.370232777682327,5.350413277153988,13.214502525803788,-0.22165820891262822,0.09543395097001675,-1.1966827877322959,0.04934610388390298,0
C017,2013,31.437890256775823,31.09021723824298,-0.9856649608678533,-8.069871438893266,9.201769679364892,6.819785168559928,-2.0,1.1754674647284908,0.16982822221479316,-1.1269236685259123,0.010449723121599308,0
C017,2014,37.06495885098141,29.38900761002655,-0.8901941141221228,-6.5024103659418735,7.081234646895261,6.314876933510526,-2.0,-0.4208848994561214,0.048242665151212755,-0.4367519903265654,0.020796583438696156,0
C017,2015,35.15685444694058,27.784210311207975,2.5790056479695416,-6.84550301258035,7.330711366324882,4.575148680086169,2.322240106860628,4.142764925885102,0.11755570196676382,-0.17842662240272358,0.03488461161799745,0
C017,2016,38.36591740289816,37.53119973459361,2.6349151900979155,-2.8888240995485726,7.67102599792671,1.6292967682724573,4.158346494115748,3.21388757891945,0.2216598376545724,0.4975176103957909,0.04300635217609588,0
C017,2017,41.16640595042676,35.41629545782831,-0.6722967410101104,-5.83132081657577,7.358038785752542,-1.3430880818835238,0.26321981909603576,1.0786224845257169,0.21886409390099823,0.6084331555420404,0.017720795690187273,0
C017,2018,41.39098801688762,41.62976630008485,2.243966273238302,-10.18118405623813,8.199154548827844,-2.3894679801986674,-2.0,-4.013018457412917,0.14568188429098025,-0.2194356012098495,0.024541196327816636,0
C017,2019,44.212471838410806,30.1379558159231,2.060889347334405,-6.7112926385800655,9.141589079134999,1.4482001300153093,0.7157127542927095,-2.8225200584918886,0.19524444705167715,-0.5636988710214851,0.009958959322309472,0
C017,2020,43.473773211072896,27.18684834908316,-1.4932105941340912,-6.003269486797329,7.8948027006736226,-3.0702712046419807,5.499485146696254,-1.9474682842463285,0.2931890435852705,-0.7322394952955269,0.04977926538511315,0
C017,2021,44.15803442115584,24.08010608414939,-0.06582040678765855,-3.9856747594110136,7.150912922173579,1.4110219844084781,7.839801393793657,-0.16474715266998718,0.31903136774480617,-0.5906130782184315,0.13052899578732727,0
C017,2022,56.69797309505155,28.693945107052684,3.3540343970750386,-1.5270058742811754,7.962340704514787,2.5631031968510856,3.4654147415357572,0.8420987193012347,0.1929191715789128,-1.1067005928265083,0.022880538122227314,0
C018,2005,82.97934648906636,75.71944804961572,-2.7412884983071555,-3.682648363864433,6.169133272522302,4.700920740431453,1.9453420515510764,-3.5243801809282536,0.3600651464166472,1.2036713033683513,0.10341026447353856,0
C018,2006,78.19652020045945,73.30667183622339,-4.548270243320905,-3.7773413456702105,5.6095747618999345,2.1676289367199435,1.4301447594970642,-4.195616692250215,0.3438554697186086,1.7846069759928302,0.1143305483527439,1
C018,2007,71.1148960724884,55.80182392215612,-0.23988775199750068,-2.8230983699804693,6.0900219275436225,3.244954971786311,6.521729706196376,2.5094690908603448,0.646682119459657,1.5872637615034257,0.5365270839400017,0
C018,2008,57.652726228982154,40.928267081692624,-2.8245352608015146,-1.0955481538178635,6.135970998062372,7.095577668499482,3.3771712886560765,1.1567956217178934,0.6819873814146321,1.6466581325620957,0.06262802528712444,0
C018,2009,60.90734231148045,53.65659969658681,-1.137940943416429,-2.3871382209374152,5.099221652315239,3.9656241621727144,-2.0,1.2096242551356238,0.7858321281569975,1.4370759525209829,0.09101712591067287,0
C018,2010,57.11568031285491,47.598611506484445,-3.679157656038624,-4.2241381235710715,6.665922495536268,2.2352288803489677,-2.0,-2.445295671470799,0.8462401914495216,0.635627221503231,0.20117328797290415,1
C018,2011,54.446288660753055,55.761127249180376,-5.497853158322057,-3.9290160095228286,3.4634799139453527,6.52791863504679,-2.0,-0.40721333424819073,0.8181005040595473,0.5054250007885898,0.1828814988368187,0
C018,2012,54.45299488245973,54.97208429514761,-6.015141176584262,-5.291585824733048,5.865115241894413,5.169391740044667,-2.0,0.5479883721604641,0.8281303529040435,0.45797124033529574,0.07770487878317918,0
C018,2013,57.73009848785396,57.29053294690178,-5.309993345580289,-3.936609708923185,4.738341684626412,4.5077729060236615,-2.0,-2.4379959616490243,0.6777814886279949,-0.04100041297313417,0.09649578918045103,0
C018,2014,56.63610055939511,67.91446725160503,-6.392863169228646,-4.714508827678124,4.224731771451762,3.570948592687383,-1.8723970345749432,-2.7541886549478383,0.5090294377549706,0.3871402774220446,0.09190189299754128,0
C018,2015,49.91233778545171,67.05843200461462,-7.417891819907856,-3.9749598347058392,3.975147275810281,3.3076747140530673,-2.0,-1.3841937401174225,0.47109678410882866,0.4397364612832371,0.08360346414522506,0
C018,2016,37.15621705982541,55.6478523940104,-5.8272652146305575,-2.925983783151207,5.671127067432135,-1.1470498602947177,-2.0,-3.5836298098191897,0.5161488236815853,0.6611244173133067,0.05010353584292598,0
C018,2017,39.050796650436304,49.666211819229495,-3.5288075017004936,-4.15903622917937,4.47141463414868,2.3664125323535443,-2.0,-4.84356944890869,0.5586087635144548,1.1349799954252062,0.030493236113897097,0
C018,2018,43.60428583324173,54.88596720422875,-2.8450586368493114,-1.9279230230718374,4.489421546210104,4.820310507377303,-2.0,-2.427068997673199,0.7318998720752433,1.7150494592754235,0.07777169056428304,0
C018,2019,58.01493232526805,66.3549424188229,-2.822257472620441,-1.164653472644895,3.946908842726368,5.71956917817166,3.645554592229196,-1.1923519528396536,0.6596777430388732,2.015779601325204,0.14092867559495692,0
C018,2020,58.949331219793706,69.57706541716696,-10.288655985284548,-3.914524020208777,5.0756163697273875,-5.7479234573792946,9.515783889399911,-2.924531504252752,0.5568460477054985,1.7911684605078686,0.5202731678304878,1
C018,2021,92.60240402683986,68.84742560755774,-5.061065257794827,-1.38179957854411,5.134666360258467,5.243113416596729,2.0836709143800354,-1.797598630875545,0.7046713104250606,1.915008443098206,0.12060682762535489,0
C018,2022,95.04970479868744,68.59103700456203,-4.849971905009347,-0.6736926730217915,6.785878712716345,2.6999879985000343,2.243352686328676,-4.388011690532236,0.6461570349164365,1.8375940183067885,0.1494844232005281,0
C019,2005,61.93919112684143,39.36458999525844,2.687945379380536,7.5603122190817,0.2,-0.6085072146114725,-2.0,-5.53216386301459,0.02,-0.4492195648470172,0.04090350987414876,0
C019,2006,51.83834477312504,40.842596791994254,1.7663675520848443,2.4106886010276347,0.2,3.381291198052705,2.241416905521663,-3.0086849226353882,0.02,-0.23692757400039044,0.07581816915774774,0
C019,2007,49.78985823575661,40.19563333883956,1.7069200921095955,0.6763436512944208,0.2,3.4536075875835603,-2.0,-3.421318998866934,0.02,-0.3351457052814597,0.022479609394968833,1
C019,2008,52.774493909416776,58.737938095168815,-1.8691672256686274,1.5596113885351683,0.2263755392167257,4.9380396544029175,-2.0,-3.2699801222125076,0.13149462366453585,-0.9811993931141532,0.20443539052723275,1
C019,2009,59.512269000851475,53.37299763801979,-4.4782192620420584,-0.25708122857723903,1.53015295449371,7.071619291704455,-0.689092240921608,-1.0971820721713228,0.1682760402038867,-0.045175958717669884,0.33594345893776273,0
C019,2010,62.308441238409785,55.63479497902392,-5.03072571610541,1.0667912943306246,0.9249140121132847,3.3677536392584546,-2.0,-0.18801202989830745,0.12068708218610104,0.17969973134460154,0.2862536601266152,1
C019,2011,65.11678785133365,58.13287946556055,-5.116095778080165,0.877499068447638,0.2,3.2183501355117117,-2.0,-3.0948397982615212,0.3288673550907646,-0.28059261191246376,0.16905623091325234,1
C019,2012,66.84694137464815,49.704454922998366,-4.703210924648625,0.7092272840150247,0.7298214014461751,-1.5346006561861576,-2.0,-0.5878997427721855,0.19362277755406393,0.17679931594551107,0.33685384919961603,0
C019,2013,62.488823018766084,51.29216119339592,-3.0152956020053656,2.8503919261451394,2.212512039328416,-2.926604355402197,-2.0,1.2119164746946385,0.1976422158692057,-0.02067625042713217,0.2566163064286723,0
C019,2014,53.60927412130471,48.36043604771345,-4.138121811674534,4.214028335140659,2.8290024179641513,-1.0831465209685378,-2.0,0.50995132727149,0.1540476126697551,-0.3925593121183726,0.1445300117761007,0
C019,2015,52.45335393950726,49.42304210631558,-3.8862649131430262,3.402109089965136,3.912054137296935,3.394270051569551,-2.0,0.5123861631027797,0.12431497378585515,-0.8034023707328328,0.1458430620080872,0
C019,2016,57.82812276317811,56.68621710648205,-3.2157812119011533,2.8653265108796386,1.0665993057780452,7.631793165385018,-2.0,-2.206469314034938,0.15600617102521833,-0.9743808289065704,0.12043420533783396,0
C019,2017,58.0295213102872,57.84171678554807,-3.3020851165183958,1.7134548755892576,2.8336663160296918,6.235180185426909,-2.0,0.31443661908107523,0.02,-0.2734428985863293,0.19153999537017943,0
C019,2018,64.07991415638087,58.46270200006445,-2.1508985443594444,-0.48842621313955137,1.8128847236825458,8.299485517864369,-2.0,-3.741840436604635,0.02,-0.7068192733008476,0.08240066594043884,0
C019,2019,62.45514774967759,59.128257524137254,0.533287741179278,2.272985950182252,0.8374923556557616,9.763072044876061,-2.0,0.9411739123649197,0.24179295220714125,-0.002634296347115872,0.0700052013493654,0
C019,2020,61.629581429468026,47.598529196151844,-4.704121273021995,2.9798876977330044,0.7195897225356622,0.02364699454242114,-2.0,0.8141986047332944,0.2072032490495912,0.279382862806434,0.24581543933303293,0
C019,2021,79.75893209084546,50.33542217636899,-0.3609062412591961,-0.033356215846285675,1.2120793131296868,7.915051319979307,1.639148281542277,2.20053242605419,0.13066384836733325,0.758016690638009,0.17847714441002221,0
C019,2022,77.1193282484619,52.33300987899502,-4.501313581624741,-2.490631874418591,2.3788376317800703,2.194025471138987,2.4873527951447167,0.15599730100036124,0.06124041990889363,0.595546707652928,0.3028042529253415,0
C020,2005,62.909959963514424,26.683216210078328,-7.942385641239368,-1.4157173581237523,12.702765177701899,1.56974652692442,11.517716788022149,0.037836625785101725,0.5814761648069771,0.23496543872696493,0.08474555169517628,0
C020,2006,54.13994318384486,15.139827090219365,-7.188671534271075,-1.825262927242147,10.621322301908299,0.8433451622216886,10.562923181290964,0.6406114603573677,0.3362925163653126,-0.5208495531426748,0.06689570054941651,0
C020,2007,42.337059233328155,3.659109534728504,-8.441378148427113,-5.5966599966058865,10.197394299835933,1.7024255182961734,3.7303407951684493,-1.2928542852705907,0.42743780205480764,-0.5918814364487793,0.020587828443220234,0
C020,2008,56.7494771527568,10.82552329113555,-5.253087572690226,-5.288647737561022,10.28453826370007,3.4852584617170024,2.662409459865003,-0.9614225245292981,0.4827222694417517,-0.5717918157032431,0.007909263453550178,0
C020,2009,56.2574812764035,9.464467440079531,-2.7637449067897033,-1.1491724290824976,12.32372823558254,0.5862449803579248,-2.0,-1.49675975079069,0.5968813903437666,0.1922089461259362,0.004689399492806687,0
C020,2010,54.24022142496183,6.259447804875965,-4.110986379986144,-0.4609776137658599,11.267774761246411,3.580894082441226,1.936610419595851,-1.2725988633076453,0.6117175496910546,-0.1664921218712456,0.0034192640322340366,0
C020,2011,41.66219459426483,3.9263201431979304,-3.6688422656160764,-1.7700180029379808,10.729548223078325,5.5172793754010465,4.9567401110962654,-3.797412095452002,0.8362370570496865,-0.4562949872422108,0.008450583273561796,0
C020,2012,23.680986575705816,1.9403387444111377,-6.923227203414502,-2.752349943815496,9.919661363220659,-3.658323929315576,0.16688176264214238,-2.4970320299052395,0.9959440748396686,-0.05265103435950097,0.0034968882730323655,0
C020,2013,40.90425921261551,15.73367853456924,-7.6695252168321,-3.5769367919319977,7.95163564892542,-4.457929929452078,3.4686820340352043,-1.3269547033484952,0.9525191292681627,-0.1682599507904545,0.08944383216085691,0
C020,2014,41.15251441177163,21.092269104844554,-6.884325828360111,-7.171544840384748,7.787143285663694,-2.764989407171023,2.080531173051005,-4.21543754938514,0.8872598721380683,-0.20961779421208993,0.022563687623610756,0
C020,2015,36.27666534593457,3.3973066005437733,-6.167485327549937,-8.818575683766381,9.222432137781768,-3.452347429663565,5.49519546048859,-2.276408514298064,0.9396872289333147,0.3898853050054154,0.02964641609391957,0
C020,2016,30.037359470599036,0.0,-7.11935578944481,-9.867808778653425,8.612147423311873,-2.4176653119298512,3.478982913447736,-5.459585070678134,0.866114413806881,0.48138858503585,0.017806464218888783,1
C020,2017,32.1741333073331,0.0,-7.006501864825792,-7.853730497078988,9.453765123107903,0.334106040392398,0.8971719254308423,-3.4911701564094457,0.8398630124272872,0.13567579652958128,0.018791432526832217,0
C020,2018,33.5848900631613,0.0,-6.253856887339198,-4.754101461895585,8.945855441729607,5.098316487758957,4.985014406312471,-3.259685546233192,0.7847264747480062,0.6660340809127854,0.004769270586479726,0
C020,2019,33.77493510170387,3.9143259113910407,-5.495616885211078,-3.9170169565745008,7.12770665923729,5.058025389103073,2.2734916899444966,-5.806271273249462,0.6648601509964891,0.35716789920785663,0.006228831592061146,0
C020,2020,48.976441093056536,3.095294139941796,-10.467699634530652,-1.8334073471406196,7.573365270393821,-5.433379046541246,-1.8313848510425137,-2.972805446678668,0.8565298977886285,0.1319658777160968,0.030351815296967812,0
C020,2021,71.20396878000554,17.752328976159905,-2.164272423291696,-0.422365001872808,5.569831594005998,3.8245014646556363,-0.15000499360429354,-1.0412080488899278,0.8982360359790418,0.6695241807760748,0.04526896407952393,0
C020,2022,80.04946176017476,26.322996018670626,-3.442608871693777,0.8216864300645592,7.825700814877546,3.5286564543431616,0.6596717213705774,-2.3962076395151937,0.755088317608192,1.067829235442633,0.035007961383132044,0
C021,2005,38.246811301943666,26.286602223370124,-1.7390664027315115,-4.865598749708353,5.183348431839796,1.6732377698616392,18.25799363557026,-0.2637174351358385,0.3456833499190649,-0.7206246794607664,0.15017850786034334,1
C021,2006,32.73394834630113,17.924207868336637,-0.5837435004396685,-9.109688367657455,5.2382332456576695,4.036807325541336,22.315180498238913,1.1162170254902868,0.3696188310557799,-0.39644544732171144,0.18760745926650196,0
C021,2007,28.827810591588836,13.353204798446546,-1.888284066828311,-5.926603485309755,4.663085522544707,1.1742434766837866,14.509773824446903,-1.075611485633997,0.411154688593755,-0.5361317068721825,0.21140572069224667,0
C021,2008,17.912280191373107,9.10324389057582,-0.46398315215683583,-2.044410085936362,4.75851947705387,2.6190952746005296,17.582433221655574,-0.6637804733630164,0.4392515060301262,-0.9505116758207253,0.03409701884030402,0
C021,2009,30.550056019140488,16.470346417632147,-2.4541893936483303,-4.352345569364581,4.563611119505645,0.83213920326911,11.894271150820025,-0.6672464816533766,0.6846423624556748,-0.35605631745436694,0.08109095857119121,1
C021,2010,34.075693437693694,22.14333581979072,-0.969764483312026,-6.072349631838379,4.221364156801266,-2.1286426314144093,5.905497128790282,-1.5276385154429677,0.3718925240030275,0.013459842193661475,0.16690845029847115,0
C021,2011,32.337274611440826,17.74415259818266,-0.4968418194478583,-3.156696311850973,5.158818650143319,1.638530266870892,8.5530739298054,-1.9061089560699531,0.09340461061339839,-0.20843095162691072,0.030172069977453423,0
C021,2012,24.032777482154756,6.265505996392709,0.6105114470055053,-4.25252784018971,5.808092447268052,-2.476320667391115,8.36632440402293,-2.6410034133901674,0.02,-0.6404791113362585,0.01201643065092679,0
C021,2013,24.26489231457377,8.31100626514294,0.12373207361901091,-2.6592857886000023,5.234752394176777,-0.48011006794267624,1.7705687426884982,0.9957354768249218,0.02,0.17459622921063445,0.08770650539047942,1
C021,2014,34.69081445549662,9.188936595089707,2.3521191448643233,-3.529733082018948,3.4183249844506274,-3.692834561953253,-2.0,1.7357133323879839,0.02,0.3537731284192086,0.05017159034115222,0
C021,2015,25.413689665190027,1.4531984093734494,2.14846638669149,-2.1437916401756167,4.620199328382661,-4.185227319433761,1.8440108832734803,-1.1653667764185394,0.02,0.7399059693609565,0.020006526685612622,0
C021,2016,15.557970580115175,0.0,2.588858130023837,-2.9307177907902644,4.163369558986737,-5.950565062128268,1.739805843468024,-6.535327980038801,0.02,1.0407381226840244,0.0035820091309440244,0
C021,2017,21.52168725997666,1.8676417530857563,0.041698037992818904,-4.7368882185522905,3.7751947546491547,0.2791947875128047,8.346948229694457,-5.154799793856679,0.02,1.362356851553923,0.008078147182217955,0
C021,2018,17.64947503459542,0.0,-2.4196143482879275,-2.3737917462512717,4.396097675273453,2.383115114765422,5.421371927663409,-5.696501069748345,0.12490438631990547,1.4305608824705918,0.0026398772737936506,0
C021,2019,11.141177668462465,0.63742790025867,-2.8328095121148675,-2.662226224739547,6.034622401869594,4.417336994115339,4.986705709018579,0.7665014887270352,0.02,1.544777893231356,0.015519078223788795,0
C021,2020,5.0,4.14675697852541,-3.0177153157196215,-0.28488775609375905,5.184602628828967,1.0221485174851477,9.754339246799931,2.507797983756018,0.02,1.2707870176060643,0.0309236333717921,0
C021,2021,7.469528678292514,3.2288607136811893,-0.228884514810912,-2.7507911784811983,4.730013660619407,1.2944428224987572,10.128562856771618,3.197721897213615,0.02,1.3650082713971556,0.06643056738631889,0
C021,2022,7.469528678292514,1.3611083395580845,2.3003647892225847,-3.8241992500989075,6.75609384695251,0.3299664487577756,16.713329347531147,4.267826916175422,0.02,2.012050555928674,0.016848718985236592,0
C022,2005,74.2765398340339,34.17888330168657,-1.7747237797288644,-5.575897523480395,2.759011464127863,3.0331255239257073,4.130792671803752,0.6966538897378449,0.02,-0.9180609122353729,0.1720826011498791,0
C022,2006,91.73848883823926,47.198237452881344,-4.442778528235053,-4.010950943190305,3.190064517823984,0.7821148155966382,1.931840523109459,1.1714736213624513,0.02,-1.1797387703078122,0.43903044830411275,1
C022,2007,93.23047346960514,50.11117674444848,-2.4539830847940687,-7.166580219205157,3.1340874080830985,0.9658051441160811,3.3696171713275676,0.03257804487792004,0.033709544485230905,-0.8229006044982178,0.8482973202284062,0
C022,2008,98.87462729708525,46.16797158631032,-0.5744846383198636,-5.805387574001198,3.0427632639638333,-1.0003753819285648,3.542314247041516,-1.1562366865644402,0.02,-0.8152184148243418,0.6409832255338739,1
C022,2009,103.89917660625382,56.69897896851083,-0.5878588408797881,-3.3495126560519433,1.638733977876839,2.6915245785923334,2.2014331641290843,-1.3052433328687925,0.02,-1.1053782421933258,0.6525745159134502,1
C022,2010,104.5384953068338,61.37255170540999,-1.4585186499655471,-0.8364109793096781,2.17241191379812,4.1610616728774135,-1.496848042431437,-1.6695677321916964,0.30430825370043674,-0.50677735600827,0.5016058759392874,1
C022,2011,103.0547387748952,60.819135495458525,1.961396463843654,-3.5290453923105396,0.20715245321889197,5.886483912258275,-2.0,2.299865106311466,0.3946725616721883,-0.7945804432670632,0.8146143703604148,0
C022,2012,98.6338611180544,65.55572553504689,4.650328197546925,1.2464517303260587,1.9538943476598833,5.114817153850605,-2.0,1.6802719167945424,0.23468816007745866,-1.042288810610986,0.48641387211074993,0
C022,2013,110.04634233422804,66.37314008278125,2.196100572154373,0.6268832439803051,2.390253421797465,6.116133672559154,-2.0,1.4680068285928702,0.2819561658858354,-0.911853431434532,0.3689171187175766,1
C022,2014,89.33658863345528,47.3596323378862,4.548797774313625,-1.6712115370707148,3.088700308552777,4.888059622437221,-2.0,3.0720438528148906,0.39806284167454975,-1.023715024184627,0.5244011482078451,1
C022,2015,92.60357632441577,51.08901178472573,1.8873823817363256,-4.4997126368246505,2.915678755771537,2.048863958048535,2.6842117938029793,3.484941487372228,0.5508043288285491,-0.35927862955272305,0.7712013456849602,0
C022,2016,91.07451396059334,52.41312135505144,6.389485231028379,-4.387859596367723,4.4246301881500685,5.30386057550165,4.46812885997646,1.6867210545030158,0.5259959994651578,-0.41708430133873564,0.5000485322608413,1
C022,2017,99.2996775236907,59.464329005151285,3.682255514924341,-6.575466263665681,5.115061993261283,7.889997837219315,3.0093204123062107,-0.21558047528858448,0.7446972238463423,-0.2198817165577915,0.5159635832840332,1
C022,2018,94.30733754056811,58.459210750699036,1.1170959160576506,-7.566153498557278,3.5863959093654607,2.803473560257384,4.750161976290124,-0.8778808096441861,0.374396306494628,-0.6409303720459583,0.5562535358104399,0
C022,2019,91.26716042199874,54.239095816799136,-1.4966896390128706,-6.581364400149978,2.7570270934284298,4.6638468817066565,5.308845935356864,-1.3415541164601066,0.47292523675108433,-0.562436510072486,0.3152196159972494,0
C022,2020,74.62587118929397,40.31170946610075,-3.8195559285391214,-7.36858111898914,3.011825082121471,0.8922472584120342,8.763185010820663,-2.8294786990459233,0.27790775072210705,-0.34264240342599944,0.6682263427547627,1
C022,2021,82.36426190472196,46.74181850300167,-0.8410604825209776,-6.674671380839628,4.092094846426764,4.276031280227831,8.2087978023989,-2.9722931722514856,0.3933857087447432,-0.48725737749982434,0.1404759318486792,0
C022,2022,67.36178188243807,26.927288149212437,-0.5565629782954021,-4.813888152545936,5.191040579089333,6.378516347326571,10.568035754932852,-3.2259872007687442,0.44822074835227177,-0.3196118864341325,0.0787348139390721,0
C023,2005,50.16542359817117,18.65565017842025,-6.035166850888536,-0.04148510115355286,11.039827990204223,3.5022191071705935,8.571631643499579,2.8027674363438226,0.3811139132014685,-0.7733959699229399,0.034145804841623356,0
C023,2006,43.86430162684548,15.822270816918753,-4.7743067658870775,1.3427225354376455,9.463566870808362,1.3482072382535029,12.336961389113942,5.828518414909038,0.5487220516004553,-0.5016808194555331,0.19757982763715554,0
C023,2007,54.09905593708751,10.673729249210457,-2.448540438740295,3.4556431982965443,9.22092216135721,1.564528116095082,15.57964118922193,0.562107528931322,0.38730194646300725,-1.2229988648263315,0.048314075650267366,0
C023,2008,51.27157063643307,23.01933748220775,-2.7149827573917906,4.2837307929794015,8.799134359759432,-0.21448535710470717,7.248873961277151,-1.063166098855235,0.7642945273108118,-2.0858100715041448,0.06611328465627667,0
C023,2009,57.90938419263157,20.13564870951128,-2.480382552493217,3.850226709028165,6.940752231452848,-1.787957495527522,10.44625408330647,-0.7481854237526223,0.2515885854744504,-2.2198434906382185,0.06665102869599544,0
C023,2010,67.64041616391857,11.817768864405494,-2.542595182811939,1.430104446187003,6.106915407344399,0.5333702715888617,11.552443396618703,1.695191860311585,0.28332556478459214,-2.5,0.2551970962746183,0
C023,2011,65.36086241450568,13.574109985776367,-4.190859084900384,2.3644813284259527,5.769091037265765,-3.0628743961564444,11.121388433157065,4.747967884787149,0.3318828442784594,-1.9683421343292014,0.4262431643415645,1
C023,2012,55.572836222525055,28.755671880163465,-2.6685939572500974,-1.8684151921891954,5.261404131163748,-0.7295534308323457,11.842491981974629,2.683414198401443,0.37192558170352186,-1.6620722261570533,0.39729897746676435,0
C023,2013,46.51561824901248,23.46423499602595,-6.104366498638754,-4.182062901562835,4.909195056603677,-4.457833100211771,12.357948490407846,-0.24123286499929297,0.40813371721899283,-1.1662482946907677,0.373518057084466,1
C023,2014,35.2814373158528,16.083755257196117,-4.645607249280394,-4.502365068332432,5.1811491781691466,-2.351428803044489,10.91075207174234,0.9788109857065904,0.33524818140264656,-1.2576334347320475,0.5282782149536135,0
C023,2015,39.98319832680615,19.178296200039583,-3.8162369742788864,-3.656852007700452,6.2998570841282255,-1.0759498137957582,4.315062359275883,-3.96934976389617,0.3311749499615142,-1.115733419887992,0.03390998205986658,0
C023,2016,41.803830105498925,21.174735180411457,-4.562475526407358,-5.737754613963809,8.195944796465874,-1.2971766615087936,3.3912092454243226,1.8683850340893953,0.260458033269446,-0.050649651526797124,0.02370259463685462,0
C023,2017,55.708965354744784,28.068569704725146,-3.7809406026472967,-6.973080231181143,8.244817980653654,-0.7231821473975413,7.163740863853745,0.1848177672113942,0.02,0.25990212661661644,0.18435475892020142,0
C023,2018,60.27177625516448,36.51435129824291,-6.197101125203143,-3.6929172441334863,6.120181167100653,1.2167938937640095,11.69066468541749,1.7541079113319387,0.27069152479679987,0.27948437285285194,0.33505649172446444,0
C023,2019,46.9075411803366,31.871028191857505,-4.209389821734852,-7.329319287347282,7.937567002492564,4.244577733327924,7.918675505095607,1.8413557318493727,0.07486949494846387,0.12742754252937016,0.07677624499838916,1
C023,2020,43.115094030776895,26.219184539892176,-4.700817468914433,-3.169311550346018,6.52138805096977,-5.071971557458148,13.93076292967205,0.14017300723307313,0.12201484737180072,-0.040127999151932325,0.1362533673956565,0
C023,2021,48.37961930088382,18.371666016110556,-2.2132453605095495,1.3340176714994487,6.124657783968307,1.184722831837867,16.468127091294186,-2.2048900819041286,0.21592843196504213,-0.6738140696300413,0.026004037486090675,0
C023,2022,55.947312701056816,25.605648595334067,-4.281074384353508,0.01719015943319091,7.044540726145793,-1.4042451681272146,16.28111431376838,-0.638669916239087,0.5486726153166062,-0.9565462273697873,0.4105314451672765,0
C024,2005,15.204768101167101,0.0,-3.7395094034003624,-10.021295392662068,4.789908360099768,3.6934265534181097,-2.0,0.6936739384104166,0.27705065431776843,-0.8168470852661621,0.013294966302943927,0
C024,2006,24.82077155009746,7.989462001372589,-1.5947103681341344,-3.6930938566158336,4.70183057290003,4.619091651167719,-2.0,-0.6507524485481845,0.34427503474766813,-1.040706759956686,0.02509345383733081,0
C024,2007,21.17596820016113,8.552893051090493,-2.292477087901176,-4.892106989382091,6.820838261288074,4.0616372452743486,-2.0,0.45580011699644285,0.46134648488575875,-0.35386935239138906,0.029907306599940536,0
C024,2008,23.134898244142146,17.530434933950808,-1.1340502348000312,-1.6620389723030011,8.142771417746342,3.353582644749859,-2.0,2.670060905836314,0.45572991077026476,-0.9577769920755188,0.020235068583537116,0
C024,2009,29.726695308965176,12.645323764748255,-0.8440248511451677,-1.686296445975331,8.654473079974684,3.203443533556972,0.39186798558405656,4.273636537707825,0.3357973627038442,-1.2218688261447928,0.016647058271770238,0
C024,2010,28.622198225756215,20.428704283926315,0.5687098172146126,-3.0046271923974546,8.69799474288253,5.801585179115744,5.511243136133839,1.187912163521865,0.47271964551671286,-0.9172140732132488,0.006856328039972124,0
C024,2011,36.52233633750646,19.653544767417426,-0.6753947456798921,-2.4957077496439566,9.39658099915061,7.621865064779379,6.363951707249832,0.23403521763898782,0.4381686873005758,-0.8638974831013065,0.005025617312939706,0
C024,2012,43.03294922713129,26.161567642241558,1.4379993291163413,-2.8149244844472845,9.074546166145021,7.411782489393746,7.296527391867959,0.013405625538204957,0.3768595420256431,-0.673706385036539,0.02636993550080753,0
C024,2013,47.894979146829606,28.81192293947974,-1.7040956807301912,-5.9034737704345535,8.870792618278706,4.904717165032693,2.1289106602896997,1.1985408386020544,0.4057877673424498,-0.6873794788096227,0.0321887169002323,0
C024,2014,40.422176297534286,25.636804695527488,-2.9814761568444843,-3.948918252977826,10.591865930099466,7.2661188634161515,-2.0,-0.186169327315179,0.390589193723029,-0.6390589508191284,0.0022413748606319606,0
C024,2015,26.919097988328723,20.735823201118926,-3.5272661456688716,-4.122941663429078,9.926575752729983,2.5514168426336035,6.971316273727803,-0.9156258090245226,0.3014493346207868,-0.6239958524710392,0.013779948958575238,0
C024,2016,23.34360506216951,15.004684899742983,-3.4606962478532894,-4.848353184710903,7.590083280448703,5.76796051688501,9.360660770120022,3.137597038810891,0.34856384903414306,-0.7994044814994828,0.04866374026526704,0
C024,2017,27.99620811347284,12.206162807204446,-1.6012307141176334,-8.096643096020689,8.118933749214692,5.291764669822422,2.398009668807876,1.4584582248930666,0.3659501811202435,-0.790333036881976,0.017314605415328675,0
C024,2018,29.77775151029527,8.30961140085868,-4.694406875538284,-8.319224552007984,10.043665525597898,9.904707098524216,0.10538543793199295,-2.261423607309365,0.28996357328485817,0.0906185245476886,0.0013559057558890338,0
C024,2019,24.19519794510449,6.350667796391002,-2.0222314966163544,-7.103469713499178,9.978771730994536,3.8560014754407432,-1.0519591860500896,-3.838705476292603,0.07201101769319801,0.7732571898693618,0.0006221230066102214,0
C024,2020,26.447342966448396,0.0,-6.781848166328423,-2.671745887373109,9.60199372584672,-6.448310769493754,5.362579534622232,0.7774359574595562,0.02,1.0991933487210392,0.03463775807394776,0
C024,2021,19.175638735140474,0.0,-0.5200156811189385,-0.4545612747621042,8.734386652782216,3.736706725054021,1.853929149651052,1.3568978194478802,0.02,1.035534280973623,0.002994281743977027,0
C024,2022,23.45226047732489,0.0,-2.7058707121201127,-1.0338224171442056,8.019519133867709,1.7910182633051812,-2.0,-1.846359123012348,0.22249286450435718,1.1508667296306845,0.0031545904784625366,0
C025,2005,21.20503738564338,0.0,-9.720645457818613,3.7282239788056994,8.313307670829076,7.132694652486166,-0.7803118770906927,2.3404076211136564,0.42536397655829505,0.3762475710298941,0.008049312624426718,0
C025,2006,16.725456855221076,1.2530197301002461,-7.554682850227271,4.9881274480604745,5.976457274015406,9.020884001112753,1.5822743443854943,-0.5256115872075089,0.6244428162215111,0.3256140057337422,0.0030099353897325943,0
C025,2007,14.645772550866521,12.36546238065219,-6.807595472505111,7.8049256356196945,6.005443885471457,6.027180369224639,0.47869247158093575,-2.9316491004868515,0.5905082063907179,0.35401680395774404,0.002004948382189315,0
C025,2008,9.645440713972377,10.322955655337541,-9.830846281893116,7.084816077989886,6.3121862681856955,3.6615297670849056,-2.0,-4.8738344078061235,0.5997127212120281,0.7928699520283758,0.0033064527354213437,0
C025,2009,31.669011183550932,4.687170644582624,-7.9347063997175695,3.6335925393789137,6.499381925254791,6.907896552003773,1.9323913490988884,-6.5974741764194,0.6494441421266529,0.4140397474492369,0.004311425598419069,0
C025,2010,21.639963094426175,0.0,-5.468467514749937,6.80494691134542,8.410596145324897,5.631010543281328,1.9717312314949753,-4.85761086944099,0.5352286953333962,0.8875285817382781,0.0002486001334551563,0
C025,2011,26.90536565647545,0.0,-4.485986506723711,1.6784916141720303,6.670150413784642,4.115015411208324,7.666003737389671,-3.408552099440554,0.5741027142377655,0.6010839453265512,0.0033763939068153902,0
C025,2012,44.61096000782059,0.0,-6.273621120998469,4.221643038830693,7.94670337277197,3.0517502105248218,4.790427134689995,-2.1592727925041793,0.5573318753123901,0.13670578933300398,0.011583715400018726,0
C025,2013,47.381190446295584,3.5085147352851394,-2.823602007135938,6.0421104896452835,10.930033300429589,7.898321738500449,6.204221711959941,0.8993349922595524,0.905789760609792,-0.6043080671570242,0.01382523882022658,0
C025,2014,58.83281342384008,0.0,1.598474474169544,7.390289264465759,10.200320766249483,3.510980576353982,4.4192227189759965,0.10509416149293194,0.863797831939176,-0.9541951416805168,0.015395982674880992,0
C025,2015,56.71225238420284,5.1647668190833755,-3.1704332185541744,6.742332452177019,8.441404311381547,3.9745722856563477,-1.7039987852196905,1.1416373069222947,0.9564579946780023,-0.5749723457764707,0.007847602379252187,0
C025,2016,62.286624330296085,9.838777067006136,-4.493435400170044,4.588640095524639,10.013890978740543,2.5137282195115835,-2.0,-0.08665232576940074,0.743356394680316,-0.11639338001030924,0.02085137893814608,0
C025,2017,65.40886362386728,2.194181771550678,-9.80938987490841,3.0776827575830388,8.15712510222502,-1.1227173271162703,-2.0,-1.4287999814373764,0.8846699033357653,-0.17033443888486383,0.036860129294311796,0
C025,2018,66.26257708616255,5.597366556139917,-7.7900459725659505,-1.9973107228156524,7.39229873370205,-0.6285670855610568,-2.0,-0.5819100630298603,0.8362330084977975,0.45693276985685644,0.10227053537716407,0
C025,2019,66.14099298870296,4.830078069070922,-7.173115106065244,-3.230997586721198,7.869050355527502,1.5144866412234512,-0.2123751434696466,2.545412683699491,0.9019937652135899,0.2412439447655187,0.1571130624484622,0
C025,2020,69.66677168522443,4.464881565590584,-8.416102872734605,-6.557938426807785,7.9431678057139425,1.6486791396668607,8.736186105525947,2.371765366553958,0.5599447488695785,-0.13580770895549574,0.0988712093952885,0
C025,2021,60.56791409779618,2.7056747004193262,-6.395162570702899,-3.365605599970672,8.143173319253142,6.483391272445791,0.6541679476701221,5.291242061929161,0.5111208254842781,0.3149753472846872,0.09784382088785241,0
C025,2022,61.59687499326327,0.0,-7.137192086566937,-2.3278784455708257,8.077055393941057,-0.2511293993503356,8.376120320277838,4.71891113082072,0.6740535930174651,0.29492322553292893,0.28898648016579254,0
C026,2005,42.90220905979443,23.167965354061053,3.687401334299483,-0.49102479849359626,3.826300833635652,3.487735323287663,9.129153985900007,1.1174329796381468,0.12666463637208153,-0.04245222007193167,0.0633759445855228,0
C026,2006,52.592207080999735,20.63137157210143,2.9060129722372428,-1.864666777072706,5.060647363652004,6.768212167769819,9.775365054790914,-1.3358247591732713,0.2601587463369759,-0.29450024606273517,0.013517564058404279,0
C026,2007,37.156397991349394,10.820372832599922,3.5487405475724154,-0.14966485253923678,5.09721688923309,5.208424691025612,8.528156879186573,-0.6274162287206657,0.5671495830251079,-0.0711545078389337,0.03607434038290751,0
C026,2008,37.48768921901498,5.895664385962643,4.238612280621897,-2.7318272145293,4.609556705115578,0.8717216718975025,10.930840042982659,-0.8649238137950297,0.6213746176223708,0.03532610439716949,0.05427480647648485,0
C026,2009,38.80029818139505,11.12456408402192,1.368996363356645,-2.7833928597211037,5.668995081105598,1.6826627943092602,9.583435000331157,-0.570461022429418,0.5838237018444555,0.5719681287098015,0.022809357989801084,0
C026,2010,49.96479496688628,18.237663312509483,0.5702627762687887,-0.5989703615193154,4.030946760603241,3.5819175803830205,11.481793434489422,1.9419957149133449,0.4518499848997396,0.8691266318357076,0.09954168376273476,0
C026,2011,56.88309371210407,27.699787350351013,0.24563925905926431,-4.101701454323703,4.426603098261483,4.437584232334378,7.997521589863798,-1.9203991535064313,0.18520762512102673,0.7787589725913018,0.06529789882039481,0
C026,2012,48.63412416565641,21.854435582321567,0.5175915741724306,-7.256353475843277,3.152623777389765,0.3387616086414571,15.92861646630238,0.4427782789416306,0.3787496220899524,0.9493513807575202,0.20408119160393134,0
C026,2013,43.62323152221962,35.29757936800442,1.0160260117186715,-3.3915734768621992,3.273500282337989,0.3156300616249219,11.496039741493801,-0.8188671575089974,0.3645794621536685,1.072761824930907,0.12864261549689968,0
C026,2014,48.14917116056451,37.554420595383135,-0.22196194273923575,-3.9939253342020606,4.870793299959544,-0.5981630543496155,5.113244681786417,-0.02887181760790991,0.3550124507971627,0.04415504618478272,0.05900256132946718,0
C026,2015,57.817625347071505,48.38046080422984,-0.2830960560200401,-8.73784244818707,5.654508465576825,-0.06934518248017252,-1.8569752672939108,-1.5854634943921302,0.13492544735533685,-0.2322191651671574,0.29251501544546543,0
C026,2016,48.176212374048504,59.199010712445585,-1.3162858421837558,-6.454775777119748,4.183412042470783,-0.7190765670254069,1.5286196628480546,-0.8120379617308118,0.20682725104876992,0.04449668525432221,0.246679935011341,0
C026,2017,40.99996757701565,53.42500297754476,-2.773268623993056,-9.147870406968352,4.121783769004248,0.5270640038310411,2.704503415621037,-1.0856465491590743,0.21188119895355534,0.36171398552986395,0.11940118347691032,0
C026,2018,48.82850488919404,43.21961944055664,-4.444268011377272,-7.479206479216604,4.079028159798713,0.815885309484204,-0.6923186947926139,-1.7472647775994936,0.1639805185290905,0.07899005763345168,0.04411054662353449,1
C026,2019,60.96573602996413,49.1098031180036,-0.8734657306313265,-9.287693055339242,3.8462308665311467,1.0253450107912572,6.079772375994056,-1.123209407010764,0.2376778748919985,0.5124090086578142,0.4494923238645214,0
C026,2020,65.25209335301732,51.977821652609954,0.6439151882375973,-6.417379360338936,3.3779937889291967,-3.8557676967540466,9.224367786102903,-0.7391204141580588,0.22115734583672922,-0.030043155644415676,0.5874202237804552,0
C026,2021,55.08976448226279,31.433762135579858,-0.10696305279565355,-1.0096593522782529,3.46000975764016,-2.6812028587458085,10.259430173447575,-1.7774248782485014,0.3993271355514916,0.0665444507358339,0.2232480475041581,0
C026,2022,46.2347351288757,31.198340714064017,0.5009282124890719,-0.6735127865411649,3.2841745502023447,-6.273249817538613,6.561206945935893,-3.50741115442616,0.3455353262085353,-0.07972608214832383,0.21180905685904705,0
C027,2005,45.089326519183054,26.47309936941914,-4.387608318527727,-4.195157061373462,7.499132763049387,3.642781268087825,12.203165072703511,-0.7027676372420885,0.3116107593296192,1.757391823441238,0.02209853460991542,0
C027,2006,49.90470305591858,35.65109474648121,-4.066660529528787,-2.0884560429439647,6.0608183749078925,3.5207670032345,14.749541603837473,-1.8153028056217173,0.29638351556711695,1.5630870048032433,0.0248268344750841,0
C027,2007,49.941929935343815,36.1477256627299,-3.3741571665856007,-4.785778342156801,4.728503093268172,-1.1968581219064238,16.18375351975674,-3.7687839730181576,0.42159527195819513,1.67142256100697,0.04322866223177598,0
C027,2008,61.4518873021107,44.15828422074327,-2.764847773334797,-10.376331084500496,3.944720513208941,-3.9354023515868817,10.414893692476443,-3.362222544633633,0.3418788176671202,1.3456736139837677,0.23374409699635346,1
C027,2009,45.89100334945256,25.125015333552245,-5.337887102118772,-10.83299418985816,3.3142846195499955,2.3745424955673204,1.3656074497187056,-2.3581557827581165,0.15737881165453912,1.0956717757061136,0.15914563146265392,1
C027,2010,45.00501775843656,30.99019063909119,-5.918586796302489,-10.221316303728944,2.089420560233215,2.288096488613119,6.677370174000201,-1.410522639615352,0.4790269245273061,0.14388863420098963,0.24067206936264562,0
C027,2011,41.40751153939286,22.686631611623767,-6.018014599530126,-8.844165221690403,2.4321793816358883,0.23537255836806237,-0.5230778690935072,-0.7902752623720584,0.6688390679989499,0.37173506309217963,0.37576319106716993,0
C027,2012,36.999984301876886,8.106627941084806,-6.97072706971462,-9.316024615695286,2.661372503626475,0.5080640889075916,0.35429439761538184,-0.060628681575171706,0.6188768311101137,-0.03473358836246415,0.23042690067861105,1
C027,2013,40.99581593931269,9.173710595569883,-8.44015058032693,-7.373536157288855,2.337278113595566,5.425309125237346,3.7282703927496557,-2.8008292318512598,0.5194375050427834,-0.30927189293053303,0.1152952463501466,0
C027,2014,49.22059624283497,16.803379125066968,-8.049116796139316,-4.72089292771318,1.0979424887977607,2.146477485467539,12.66024647181754,-2.133471934881352,0.6073927029307439,-0.20433629452869112,0.6638311674356893,1
C027,2015,58.913202185759516,23.704253943705734,-8.806395391921164,-2.334229404043806,1.6823188844396488,0.6235483792590608,12.23990408350799,-2.2666997968877465,0.4688538247550027,-0.15268459784758134,0.5740205940583761,0
C027,2016,56.1329708908952,28.616939741936328,-4.125815785470853,-1.4558418721733124,0.6871043045571872,2.620520007432494,8.724155733858952,-4.277496132411298,0.5289334783910514,-0.43176348384043606,0.3249244825227771,0
C027,2017,56.134168231987616,26.902983522268855,-3.3643561858194877,-4.261633757420352,1.0964891451972336,0.8655449181519963,3.5552747802808966,-3.4844872081548885,0.4636667297257367,-0.03386481519311629,0.08737488142688381,1
C027,2018,53.88371544847449,27.476533233270192,-2.474862980415515,-5.2351029349580696,1.05071456889084,5.431221067761033,4.572437194441002,0.7171346713439286,0.298704404673371,-0.32959344317599854,0.5512392274596913,0
C027,2019,76.84044010458129,56.513564891351834,-6.350965790787554,-1.4421370822955635,2.2384883077391553,3.790052199073966,0.3411937238823102,0.3276784747712045,0.37609264480465837,-0.16680580020739488,0.3754314376144781,0
C027,2020,72.44557264903725,57.85018083629547,-9.258497821578093,0.45101872553184164,2.4186545536120923,-8.002203932081486,4.746682885334158,-0.14135835140342598,0.5843885754889604,-0.05042338825843126,0.6977838481082089,0
C027,2021,68.42691221018859,41.36530031589121,-6.563010685736731,-2.0241940557980023,1.4412819814600664,3.731769311174469,-1.095244533111818,-1.4966898631518406,0.34487715625383,-1.4164989030065878,0.10647340251201479,0
C027,2022,69.16328222731525,42.34697104520792,-2.852548549648649,-1.1301193476377682,2.524784397579316,7.971427981551352,9.66715135882949,-1.8031916404618764,0.35782270679629585,-1.632660326005371,0.22105241004789936,0
C028,2005,71.2760535361336,67.07741989982615,1.8686004551889681,2.9838015422812103,3.29014583259139,-1.1235410639905257,4.88999927077038,1.4412232667272975,0.11833985999901203,-0.8811073862640082,0.5628681281168888,0
C028,2006,69.32747614811491,64.55321911194497,-1.3115560673866489,-0.26081041051821297,3.2846267806016534,5.3266569232356575,7.470200227299794,-0.11235331648257518,0.2615442299215328,-1.1286890144743267,0.259498090480135,1
C028,2007,60.467017575391935,64.16449344071923,-4.606786193423817,-1.7031047837940587,4.150619037819918,2.43962643017021,6.4154756859342505,0.004488067349471825,0.16863498645095504,-1.4067402035118481,0.7698361881435352,1
C028,2008,65.39985113711148,58.34543527418753,-3.267107619772613,-1.8010323219533952,3.414422438783145,-0.6917823538234429,8.731850912556819,1.6004646670364187,0.18480365377836247,-1.735714852258273,0.8191556886009127,1
C028,2009,77.85488652376915,63.41285105549622,-1.7757174768303592,-0.3262258334265006,4.3930537314783695,3.7998974945957116,10.709827853788076,-0.7634120679209926,0.02,-1.7190320391880485,0.7968861957533081,1
C028,2010,85.22252210936756,66.05870669533081,-0.13544716014196068,1.135274706328567,3.702319462628755,4.518455399538947,9.713074306176518,1.5781172595511546,0.02,-1.9951651461964932,0.4897691583961683,1
C028,2011,90.15255758732947,64.35285842672064,-4.232197284009862,6.369641431836813,5.661971291362102,0.8560985326799448,5.946395505885472,2.1354862811372692,0.02,-2.0439910953850497,0.8215407490503727,1
C028,2012,89.39264573309985,60.98081433035478,-4.682506215921916,4.532562421232362,4.049351837293992,1.8952084883967784,6.755722553759902,4.157639887055354,0.02,-1.4412474038745384,0.5457737847933144,0
C028,2013,96.37483764370022,69.53859415644233,-7.624825628781831,7.922287737743204,5.146806189722886,4.008689751064695,10.129004188793715,3.6949244336305136,0.02,-1.5419267394411762,0.7968583131897107,0
C028,2014,84.19964241831913,61.044289774625504,-10.297062646817366,7.163749457186846,3.7115695873255072,7.1591744815826885,18.656864247701996,4.045318722816903,0.02,-2.2811291566672525,0.8218821300470717,1
C028,2015,90.23642435725401,54.13394466484471,-12.220762048567865,4.812764401405531,6.688720588728906,7.466905964182347,11.666238823323393,6.925880685330586,0.02,-2.2350826811475226,0.8328898969899232,0
C028,2016,83.03186061908508,58.569793401363455,-11.557357010558217,3.1615888343331795,5.942060494103065,6.933249782013251,9.619750784230499,2.8109426353038294,0.02,-2.291230555266195,0.658700131318426,1
C028,2017,88.51421446187405,48.2335418580121,-9.920593181710158,2.2904482425654646,6.301670742950405,4.686451261464903,15.759605708235826,1.1893360954316672,0.02,-1.5610217469558163,0.4952344627058204,1
C028,2018,92.00434153989879,58.50283991741108,-11.080069336166266,1.4826866385685025,6.519777809882094,5.463917434554331,24.20428234964924,2.3952558421878054,0.1361646427724993,-1.478755709810031,0.6931192619086101,1
C028,2019,84.60956193771801,44.73019423315267,-9.476488891237082,3.1027890252627466,6.052048560309913,5.45745378610322,16.791748497366225,-1.3218842765935834,0.09128952348123513,-1.4506536765452236,0.34851969497656343,1
C028,2020,90.55205274966532,47.041872535097596,-12.017924257301157,2.5678295628055943,5.827708828079201,1.6123812608559032,9.376652471114785,2.095259895604894,0.11596294988363316,-1.260133420565062,0.7789156403720023,1
C028,2021,86.56913345867999,50.94731203322162,-8.532624787915003,0.39470538018761303,5.439597012673555,3.2507926895047716,8.443331686536439,4.4835671742750645,0.02,-0.9059417491036672,0.8848428119120232,1
C028,2022,100.8441111910797,66.75326279685474,-5.367531426291922,-0.367761988784421,4.3169971633940065,8.348522726168593,16.915426210335074,7.917152335628376,0.09737412178939835,-1.1106093569304842,0.9547692352520714,1
C029,2005,48.17943906969233,6.026379070980077,-0.9803274725483286,0.8800014778909784,1.8736711381219169,9.065833954359862,3.8804996180574127,1.769088559241072,0.32230256449455164,-1.9434083422571917,0.026349414324595498,0
C029,2006,49.48947785154641,8.461987136391194,-1.098839507367019,-2.01884818075247,0.2,5.922605476178326,2.158498184067594,1.039535693013927,0.5009296409854999,-1.8590007577062442,0.1268708217419215,0
C029,2007,46.83434494390255,8.289828012490482,-2.6580510743891663,-0.5747331662942807,1.9608732141355385,4.218225115436908,1.7613081249192781,1.5359134479133367,0.6340815653777465,-2.05404336617388,0.213580565725918,1
C029,2008,62.19046486419801,30.080737887113997,-1.4601790747211463,0.9535676148486063,0.27354337580700383,3.339450160385399,4.114857976663154,-2.052885444601009,0.6305953632115038,-2.296231817816535,0.2452959591218866,0
C029,2009,58.82810656549318,32.675826468872565,-0.9471063734059967,-0.21706014064861467,0.28077640601900317,3.518235520633486,11.002005854040599,-0.3464403958926341,0.575263757907384,-1.7850549939967895,0.19811262972285396,0
C029,2010,62.40108588409294,25.68866893578218,0.6045867996317129,-0.21506183989232808,0.2,-0.1684307026629126,5.74714248804177,0.24976421559705986,0.625986886301314,-2.131004460691254,0.5199528258818698,0
C029,2011,75.38945227446764,27.00532938714678,-0.7809419287389197,0.8052829624126354,0.2,6.521342744990082,2.059470301748653,1.3740616806584915,0.49498866702694266,-1.5862949315339354,0.21195035906548162,1
C029,2012,86.93915971334759,30.15176688241818,0.725877074715205,-0.3045840772301026,0.2,5.827087936635105,6.297630010395308,3.143627893231589,0.5507417596686072,-1.2422010505044179,0.3700689206819517,0
C029,2013,82.1525743766944,36.82384429357182,0.10111334150864157,1.8792812616851253,0.2,2.1503919529980653,10.49623032961982,-0.1463941323767557,0.4189313439842161,-1.5533015145643314,0.48296175754537407,0
C029,2014,71.60122440649167,26.308735843347353,2.6253922057041166,-1.052047407053768,0.8046975136735789,0.666567546188904,5.536496713631274,0.759703374684365,0.24951590533864215,-1.8097803401998491,0.29302156861633005,0
C029,2015,71.19422189807445,25.299687149070643,2.019917604826875,1.6733588675912667,2.6045769404554004,1.8796835182122502,6.068830620218879,2.3029589101875256,0.6451828347171236,-2.224206386159711,0.21315582471730488,0
C029,2016,70.15708134864808,32.19868186255394,0.3534878029517866,2.0510590259428882,2.076834863507713,4.62140688203983,7.79019557005249,-1.0663897582271022,0.33886832195109184,-1.6246237220701447,0.0815274216820278,0
C029,2017,76.3835850300452,34.045806741535664,0.8448146439028922,-1.9782694360157778,1.268720444609691,-0.018765665804982845,1.7899035848433833,-0.686903033607507,0.25518267023225016,-1.4065099594195392,0.14351519421527886,0
C029,2018,78.1654386568274,34.908451509879825,1.001001680766568,2.7452928197859894,3.364658384078191,7.865845165021662,6.653994078131321,-2.9713179330540007,0.6065574410058832,-1.3530291443579379,0.03157318483939517,0
C029,2019,88.05809200340003,46.11629980272702,0.45046426067543643,1.7117245473312284,2.6637911699553984,7.57779881776691,5.180792950086804,-2.079466923940738,0.4015638527741441,-0.7017216466063488,0.14535374337978763,1
C029,2020,93.78302078767459,61.18431569318962,-1.79021751585336,-1.9493920624259258,1.781633716790056,4.269037200662285,7.1821990689480995,0.5862781771570276,0.4720164660973376,-0.9931128694216474,0.5600038791573329,0
C029,2021,106.04222897090881,53.162887836129,1.372283587175811,-3.7055222127200063,2.8981627564059096,6.767046089629133,12.034833996565496,-0.7759219421636913,0.4911674493706864,-0.5506126163590156,0.45293838606308334,0
C029,2022,108.8319051955673,61.575893390986515,1.713357686690356,-6.601215569471139,2.4736820862305438,5.616349878964256,12.783495622675744,0.978316653954053,0.41797909516092396,-0.5875379245612641,0.6667857191137841,0
C030,2005,95.30932124644114,48.18542563553874,-0.5367369233911967,-9.048949930900793,6.7025675001660545,4.385235002233135,-0.7347170068887952,1.16291509311566,0.4050775196850608,1.660869160729816,0.11343710495990637,0
C030,2006,90.85253773478097,36.570586783421014,1.1918742114199703,-7.005639795456648,5.630417042245648,7.329743495174993,4.480263204972637,2.4404477511977913,0.5088076942531898,1.0950065348671463,0.1887951550090994,1
C030,2007,85.09904314796137,31.32398259431821,0.4552329270560033,-6.800241277785995,7.276657651433416,4.051276088450248,-0.6113318379123474,5.268298325473568,0.567185208443658,0.6419609056884974,0.28750053766911915,0
C030,2008,96.03875854523902,43.71535936815291,-2.5224265615119563,-6.853646145347806,5.923669630590945,4.219163104766864,0.8548143322285313,1.779598626089415,0.4306016307003791,0.7177012977630546,0.34216005166654284,0
C030,2009,97.4929393314061,41.08162911674262,-0.5163203631275857,-8.316045883654361,4.794341199588916,-1.36924310549714,6.9813423821928176,-0.9149774335635539,0.2715262819094917,0.05474283721321527,0.74419220035182,1
C030,2010,96.9263626848291,35.06627141593043,-4.4797817394264605,-13.808331910585473,6.999392928430751,-5.1983649025316945,8.64262012958606,-1.3571505115193983,0.14945461969286858,0.31604258783384653,0.8053831657337773,1
C030,2011,89.83354044894814,35.969582174670784,-6.395622884073035,-15.754211036531773,6.3587493099838195,-3.091907394234343,10.480376746906071,0.15276130672636046,0.14571134031282545,-0.15281850201655217,0.9544586773159618,1
C030,2012,81.47104014679375,23.931741618322807,-5.499897552493373,-16.999687939996615,5.3604849091136835,-1.5128878578085025,12.376972229198028,0.27599747449287604,0.02,-0.5201764393052707,0.7280488839647806,1
C030,2013,70.26039128687195,21.37650457901617,-1.9322640815411702,-12.525063328962238,6.832626952426758,0.5995341185647517,10.56407903339486,1.6136152115327342,0.19809450303909806,-0.3781966977118959,0.7311861125780443,0
C030,2014,76.95953140620594,23.440435401342356,-0.43311968196641737,-11.205157614664618,7.671829273325948,3.9034912307975347,9.940256487030293,2.427976955164281,0.22596664569294647,-0.973955191696666,0.6787087986625738,0
C030,2015,72.84496205030867,26.241178892154426,-0.2619506725258678,-10.677743838286741,7.953359397025961,6.974285331684791,8.205504273158212,-0.42006010938804983,0.1919793790898999,-0.7651435638442662,0.12927519809212157,1
C030,2016,77.96006479152496,39.72890795084731,-4.251770824061127,-9.545206428782109,5.562408567227014,5.775919650158965,2.892215326157894,-1.3967348235370174,0.35609841271169984,-0.5704135893339339,0.41258093174060995,1
C030,2017,82.03597682758937,36.00691950686,-3.5631687258565883,-7.290781818345091,2.4389598000139108,6.3560694769347705,-0.5143520295180322,-1.1474124224891864,0.12495984312584629,-0.49389973677319704,0.632368164461837,0
C030,2018,74.3556380387299,44.34524190367434,-4.547300359935756,-10.060704140950762,3.3533508817006936,3.8245469958428693,0.13705735103464622,-2.336485218097649,0.18074320473447444,0.08756349775401406,0.38325133856810306,0
C030,2019,79.0441853295266,35.048936578776704,-5.758284410298992,-9.970113283122707,4.265100462641994,5.251207185442606,3.985941211337956,-0.6070660412345918,0.08068565957638868,0.25404237305558863,0.41022733042633264,0
C030,2020,82.79551259379298,33.31488674435931,-7.291143595932729,-6.279018739551249,4.084251272896397,-1.7707441023021517,2.156952207502202,1.0250340207531479,0.02,0.8171470263328302,0.5372940929718022,0
C030,2021,90.51619625326762,27.262463615753813,-0.015038533044920754,-6.200039447533152,2.8615197569778124,2.7353252009946702,5.3213313695338105,-0.8090095357713817,0.3211471488122094,0.6786777833166306,0.12762766933614392,1
C030,2022,93.62144769175573,26.712256136768577,-3.558903957026661,-1.6265693899832918,0.31097081962535444,1.6052394598731925,9.315366287951713,-1.465104326426201,0.30701738629885916,0.9876729460708036,0.6192627531979766,0
C031,2005,69.44497899968763,24.632429844132325,-5.4729098609979285,-0.5710982271492031,7.618656148538177,1.2290532798534746,8.23684541295829,3.085289073146178,0.41932834100335425,0.23962461810947663,0.11339937420059402,1
C031,2006,70.6062586296823,28.685163597179006,-5.669122579798069,-5.278992352501183,7.101535813135672,-1.022378807850654,14.287572546205478,5.061917604047114,0.12219097792167644,0.45045917914466665,0.6018401729663901,0
C031,2007,67.41193402400347,12.84709311145777,-3.1681941005861205,-4.271930479039019,7.221691446442715,4.181908135185495,9.475907674217405,1.373603475759393,0.4247402389419385,0.3507990691101791,0.04210244251274004,0
C031,2008,68.721709615193,16.02671614263852,-6.6769764137715315,-1.1370308699418619,8.824692222850535,0.9753287141280951,10.075301892393652,0.8297563130953343,0.5361541162972671,0.22322271574499952,0.16904010357631472,0
C031,2009,76.73018399178028,22.419623269630463,-6.4247467882912535,1.8286071391411425,7.985964866652441,-1.5718043292241004,10.591280655188505,-0.00758099302097992,0.6375918170887629,0.2638642670527739,0.20105078276315838,0
C031,2010,76.39955453351962,29.951881381222975,-6.768205988048275,-0.3549663476099978,8.898675303315965,0.7437196698113896,11.542209766147703,-0.5352579711059051,0.5798967918242302,0.4419370683260366,0.0898142739188086,0
C031,2011,66.40060986353778,29.319353610248555,-9.830533722249411,-7.391459014561203,9.504408001653577,3.9428797722306004,-0.871007251591779,-0.5916061404450066,0.33901897344003856,0.8995576558654209,0.05565089622468725,0
C031,2012,66.32037776390679,39.6794385568181,-11.504273233401278,-4.126795247024465,9.581393490204224,5.089423829052389,6.128546493689563,-1.2153864915871926,0.46056435255437483,0.6443554410816074,0.03482564228947608,0
C031,2013,64.15642869706933,51.51561011665805,-10.32704192356502,-5.130898350767181,9.28474695937038,3.1390111566194716,2.8129294620278946,-1.4321892273736148,0.39608794815335285,1.0401011516959158,0.1155631309001596,0
C031,2014,62.803894246506346,45.87983793517104,-4.2758476308703965,-4.465799398700417,7.73219390736724,4.819460539582417,-0.0830044996083168,-2.9503905879665453,0.45647929577570473,0.33171560751962836,0.03888057905680401,0
C031,2015,52.62667117317239,31.60709731069874,-3.490002010083912,-3.3321787049087552,7.810836376550396,2.8242777604627203,0.8931425720990952,-2.6784723061277145,0.17251216485831855,0.1678631556558041,0.02477232645314022,0
C031,2016,44.061944695839905,25.202175361216668,-5.449090981183218,-9.195145603765695,8.34207114552197,3.5400694614174304,2.9904732981616022,-1.9562695350614898,0.28661081961338936,0.3260135039709519,0.04384960809151415,0
C031,2017,51.216300239268605,36.847484174334674,-6.02002196055573,-5.221895710545706,6.786857369105006,-1.6414337328414206,5.438146413500272,-2.197732634942092,0.2654798798568589,-0.6292798122670713,0.0931710361907733,0
C031,2018,62.01690667431326,33.15289766254096,-3.0521006146829053,-2.9009404237318313,4.958864523920969,-2.720345010928949,3.124327867387674,1.6591966031653858,0.39327862052740187,-0.23389952399587455,0.15989963130984286,0
C031,2019,59.23441119712736,29.98633775036208,1.1130018254589573,-1.252259916063285,4.997884814441004,-1.2772508938266773,8.396990244202264,0.760967960160251,0.4043680728199994,-0.20602735928174104,0.27648013977404134,1
C031,2020,65.46988577763625,27.19270460391948,-4.322213140637419,-3.52294369917604,4.032548314817853,-8.4114556721724,8.428864023488744,0.6764839780423918,0.5197867934349121,0.6120406485887372,0.6448346593204154,0
C031,2021,85.02123205169578,23.796864613736652,-1.037657552851893,-8.111591013828171,3.943373201236716,3.710042039634342,11.714560858661821,-0.13781744557945175,0.4455162334547755,0.9808825828769486,0.2292178479179212,1
C031,2022,78.81683701079446,11.808105657954233,-4.74152787057262,-0.15737738559327674,6.298496259169668,1.955031829060451,-2.0,6.11926283664618,0.6151692918265523,1.1255809417780485,0.3181517522765389,0
C032,2005,37.317908481320515,38.01454673160586,-0.5497869183433236,-8.212292528172277,5.338568932954752,2.913174787219334,-2.0,1.1936882558180586,0.1810415439878154,1.7585796644268827,0.04376618795159927,0
C032,2006,34.38937500801649,20.90999505145868,-2.2923790977047203,-7.392436121699572,5.343418584491863,4.428387766273859,-2.0,2.298992458893762,0.09935370538502639,1.6462709277324339,0.012789702951296921,0
C032,2007,21.532334732648906,21.331506463466944,1.3729425343690813,-3.593991844427055,6.026257762866312,4.256203314549053,0.07961581947382079,1.7737585568768428,0.10271937619309897,1.7507271519564034,0.0018126317118183012,0
C032,2008,37.43510911011704,13.499535023749685,-0.49762063740930684,-3.25166206865342,5.701606889631021,4.311990266922754,1.386330747296452,3.7508988032775594,0.02,2.177190210144399,0.00514876563048926,0
C032,2009,25.493306837708474,9.664396321385265,-3.2758909205891427,-2.3103287181917467,4.277793534294635,6.0574554573404695,-2.0,6.515457645900259,0.02,1.5239521011702486,0.02313486589281568,0
C032,2010,42.62472200688464,7.6023467222491234,-2.2428724828580573,-2.7037110709361043,5.549240572217624,6.185259020886823,2.125349399443113,6.3798628253937455,0.02,0.3079561497427834,0.11830578941827831,0
C032,2011,53.21590388053079,17.793895430050483,-3.3754194714362082,-1.1370564488588035,3.9984401523886524,5.471925661968738,0.43551383066460914,5.768264230808599,0.053073927731428626,0.26843320755309497,0.06741277904368656,1
C032,2012,66.5573232345463,28.538516826670662,-5.255383444016045,-0.043971896375928354,3.8441952502171755,3.225985053723467,2.6967193112026164,6.290812365719585,0.16835342250346103,0.021997576994170293,0.23543406844526954,0
C032,2013,57.19422897300227,24.866194415792165,-1.4624296019178353,3.3868352700564492,3.798383064752925,1.1611115957343152,0.7974423681956622,7.930478364450152,0.15139505976253959,0.38049650707984023,0.14071625117478803,0
C032,2014,60.153286775832534,29.29136620051237,-3.9684609799932886,0.304068210711657,4.0752496404553735,2.045833105199492,0.05210159369013323,6.140842373914796,0.036907200004837326,0.5044910607739788,0.1385150475343266,0
C032,2015,61.21480041375138,35.85909984702455,-1.96529010911431,4.10292484941311,4.472423704826552,2.8379198614468573,-2.0,2.130441971603014,0.04415803652143237,0.35367320504059224,0.039784243891667244,0
C032,2016,65.14912136407864,25.734946099689026,-4.97835737967911,1.385638787526356,5.407654708174514,5.2023556972793115,-1.9196667027337915,2.4298713496229,0.02,-0.3287009049607014,0.02371427242666962,0
C032,2017,66.85783970455796,18.667919766985413,-4.893598790665999,-0.9435300327603022,5.344476855012278,5.006153620659201,-2.0,1.8705770862711097,0.02,-0.9331450978015574,0.1257930128759544,0
C032,2018,60.61626940796277,21.569695126101067,-3.1422281790939137,-3.8757776106760757,3.7574345585987734,7.593755181130017,-1.5152804188208975,3.1380435967366083,0.06573186352861969,-1.5089138158636337,0.11897708604911163,0
C032,2019,62.321852360708334,22.863528433610515,-2.6024069232501987,-1.4545916798992606,3.0873319074046304,4.106529875963686,10.260871861784796,4.8355058495218,0.02,-0.8220813377550841,0.6828543514264096,0
C032,2020,62.601912792004335,35.93165642842358,-7.60654666243833,-2.3251330020660053,6.161473743194614,-2.505020584497037,8.105543727992917,2.0505858321019477,0.08681310776160103,-0.9913962960556104,0.1610521728402786,0
C032,2021,71.0604473427046,37.38255169453716,-5.201679191175897,-3.09135038504558,4.454770066414573,1.6980444415440918,8.819305105525043,1.7744195032794874,0.2456461299565388,-0.651120582347535,0.545185532347098,0
C032,2022,65.94375117732055,33.01844573682848,-2.957509073081738,-2.1326868164711867,4.349761932912084,4.89599113364318,6.116403201978234,-0.020316817737913162,0.461965361039681,0.12495133253435675,0.16977436505199953,1
C033,2005,50.37228021095425,23.495086401042194,-5.326281978798249,3.8018550986249946,6.975352949683067,3.075745939295203,-2.0,-4.80790176658343,0.32437108753902416,1.4700236422632753,0.0036806114897179137,0
C033,2006,39.42862718372515,24.282811246839444,-5.865032514233305,-0.06398422844861162,7.164896453333431,-2.131996102721736,-2.0,1.1324786088883672,0.4778496732504418,0.7034734068066094,0.03254930292952064,0
C033,2007,27.685000916737224,19.394358649483166,-3.745492140193422,-2.504877085111182,6.592083073825438,1.3137389135591622,-2.0,-0.4493615959077686,0.4213180870976161,0.41873485887551903,0.01266598129516791,0
C033,2008,32.07054909144089,14.115534730399371,-2.5816946217499845,0.43062049427589866,7.099502652657515,1.6790302424679504,-2.0,0.528561507500786,0.6106976622839189,0.31899756193261863,0.01934809595146457,0
C033,2009,22.752747485496286,16.119075793264802,-0.9127153084642734,-1.3876905727850746,9.019963561239205,-0.9172375333522833,-2.0,2.451898538701993,0.40522737342071236,0.1862177294836227,0.017817688696224996,0
C033,2010,40.48319955572584,28.525415983777414,-0.03264266725448661,-2.6228564082347923,8.040463753418924,2.7303289902620707,-2.0,3.99153209292452,0.1870221724670167,0.06419860276105013,0.01612436413889968,0
C033,2011,38.6432912153836,32.88284186208372,-2.995788714990965,-2.9860338918799094,7.258281723736215,2.49251408294393,-0.05232798624726698,1.4529469991164183,0.0879448676308599,0.05356261694631882,0.1743172222857475,0
C033,2012,25.52892992093186,29.366392975192408,-5.881052242928909,-1.8255627397252514,6.0979474130587565,1.2352525529312706,4.0705543227874035,2.01865163682991,0.21502741939553496,0.12554530119486962,0.07104109617080458,0
C033,2013,23.999723726122447,28.95636983733791,-4.605996703256662,-0.8301631607447444,3.7959313634303142,0.29283183615868635,5.330636254297512,-2.533878775041762,0.10202262782897224,0.7498735138528373,0.03655868575994859,0
C033,2014,23.8369813600006,30.72872689598734,-1.4545780279925777,-0.2926079060861928,2.305273202000235,-1.245092733166309,10.79451040140823,-2.1480141806630604,0.02,0.6022936316445296,0.04247446632204707,0
C033,2015,28.138821235835888,35.507249465333786,-5.8193444677044806,-1.556534432238156,1.4761584997452724,-0.05140751243673081,9.23496200491709,0.13271276401600351,0.02,0.6993965953551895,0.1856889740882511,0
C033,2016,29.528956832301397,31.944019842559747,-4.004358262103869,0.6875087842867853,3.156160549169293,2.5176920424293234,3.849253905901243,1.535815096663591,0.11586592159600809,0.9014249653660371,0.06584389020124405,1
C033,2017,39.70338577281919,23.7359928897218,-4.383969107612967,-1.1556949170989734,3.4366472171873457,0.35516967246825004,-2.0,5.288859587757381,0.12113548856870146,0.6712363708512037,0.24597801780324083,0
C033,2018,26.456839176227767,18.973129179890698,-1.7293446684949498,0.5984350422980009,3.1386550356165426,-0.7574819557132857,-1.812764855480101,1.8828159312296826,0.3672213427012233,0.7986706150335314,0.06832505293538904,0
C033,2019,28.00665310800025,5.873643604290335,-2.9996226638046237,-2.162806396938654,4.042883095822351,4.3758194181152135,-2.0,3.5656945883643743,0.3505719364611606,1.2235094296664666,0.07859300281540457,0
C033,2020,24.510281804987017,7.789440563794618,-10.542314396735142,-2.483379262543311,5.343760376608755,2.393285517835089,-0.3507108093956064,6.164839415565002,0.19145725120635926,1.6992470499992485,0.15027601078021338,0
C033,2021,42.754614079589984,8.929013125304936,-7.897919808079074,-3.950509572846835,6.313058412442598,7.3863369490342405,9.201203718327605,1.2070418171419073,0.20292303834862402,1.2750165735600452,0.0703361294536068,0
C033,2022,26.5676964705687,10.982084368002534,-9.486824791858965,-6.99482509189413,6.57395572402936,4.817128146401833,10.749337074098019,3.1878463973382916,0.18318689734952187,1.426677516295968,0.0917313486711744,0
C034,2005,51.74642905648311,15.739193274051399,-2.960426392318746,2.0333621794638965,8.492767994635368,7.589883960857755,-2.0,-0.5160387023029892,0.173268843985051,-0.9516968826969041,0.004774830648610072,0
C034,2006,43.400219543797995,4.036427065503467,-2.6512193863343256,1.5759746863490884,9.322844177360675,2.695266087098317,-2.0,-1.063408567658694,0.02,-0.5167007138568329,0.00624035561427557,0
C034,2007,62.62146369596721,12.528541403063535,-2.2477891541036117,1.1860328127105007,8.97256570251365,1.60263414381351,-2.0,-2.3947593250862256,0.040107031769528484,-0.27623413363616456,0.006482132598636608,0
C034,2008,69.71088227642534,25.08054908438072,-1.1459337108410625,-0.053545836511047384,5.190211335495372,4.944843736353425,-2.0,-3.855959721077134,0.20369377018193813,-0.27527024176339787,0.011508430020148515,0
C034,2009,57.03129310328865,23.452701663772636,-2.423831222803191,0.01249465408604472,4.736196372925482,3.232107164028866,4.550678782225637,-1.4658763466101672,0.10187606772665597,-0.5274922102259355,0.031021991609035494,0
C034,2010,58.72768416456333,26.02131754776339,-0.8413962946277302,0.3091898892719839,4.130167769413131,1.7934131109573273,-1.0872803035691097,1.0560266856510272,0.13947962565683034,-0.21031549890985884,0.054411109007565274,0
C034,2011,70.72447852681077,35.288726892381,-0.30208125288217813,2.692538248652612,3.418708636204867,2.205028129542193,-0.4159054802303541,1.655776605658676,0.02,-0.5108497193636783,0.10595404774325705,0
C034,2012,60.45589322161477,28.67350058302095,-0.08081448414695858,-0.2287182089663664,3.40186578740106,1.1847762361298813,-2.0,5.97129214537618,0.11591785577128978,-0.5894806928357613,0.24851823190350752,1
C034,2013,60.62531951156402,25.16443894331093,0.04504822929955754,-1.402839615830846,1.4506556231718026,5.757795959059896,-2.0,4.086496150868693,0.02,0.09765181173032145,0.10704207382432496,0
C034,2014,63.600263001785684,35.721446944792774,-0.6564925183776943,-0.8529728317631159,1.4592533854383822,1.0798779369595346,-2.0,2.417898917946456,0.07813139477770355,-0.06317972568989906,0.31246196554204053,1
C034,2015,74.19581463152545,43.387845266575795,-4.022503174931883,1.9970094682159467,0.2,1.9072472181394076,-2.0,1.0462314985119416,0.23278030982925987,0.3926585231453737,0.4116455884528858,0
C034,2016,58.78714335340436,39.93765700808668,1.7091500201416587,-2.732578230923534,0.2,2.0225263459662735,-2.0,-0.010901090185322593,0.029122979775587282,0.41640385900905363,0.30093608414410394,0
C034,2017,62.03390093014552,48.46042892333205,2.7318779035910543,-1.190083125994903,2.086581140092592,0.3145884233843175,4.960079749124775,3.9704554919448003,0.02,-0.10687856572416471,0.22484857104927058,0
C034,2018,54.486233707791854,42.018785497923474,-0.2799810854238085,-0.5296835235656259,1.8989483698795249,1.01099204229885,2.1429015726558918,2.022472754600736,0.02,-0.21614387889841857,0.2535921728473441,0
C034,2019,56.75893192781527,44.72398622634341,-0.9879183874312231,-0.7291869019062259,1.9761674694679752,2.7632685016342546,0.18399955267113222,0.04569829095434419,0.02,0.22730618382347784,0.028413918731159542,1
C034,2020,63.41327701284345,43.83983647650068,-5.961030013436678,0.8400898129747563,2.432452825808552,1.176098212192791,0.06336724838414298,1.6056168787347855,0.02,-0.779632665006257,0.4120423238040183,0
C034,2021,63.4331041416827,48.27241214131157,-2.232634243153938,2.259243302544661,2.396764685688743,5.667208824747268,-1.9492603616381496,-0.03193975176862318,0.02,-0.25263244392497985,0.029352095111844317,0
C034,2022,66.62384528563915,44.90001584798341,-2.9515209087637433,-0.3421256279770364,4.16292666102896,5.043324490538572,2.5836576231452466,-2.9835234313450045,0.02,-0.11061354040992244,0.019295159105029297,0
C035,2005,76.13951439824228,35.76219326864496,-1.4636438760595027,-10.309960252276918,5.5612998161791065,7.179451870397179,7.478913442045675,-4.06754009139488,0.02,1.624375715458898,0.020704800372841635,0
C035,2006,77.86342992841232,39.29899718478744,-2.4433117576766894,-11.134373398682058,6.305709135409163,6.477547938267138,5.4867238510969845,-6.505825242063042,0.21165477857214418,1.4902465388117687,0.012556671044263123,0
C035,2007,67.95968510662665,36.65693967652116,-0.951012317646796,-6.916229951727205,6.453163384512112,4.8827108854630215,10.248305271755992,-6.3475246557909895,0.2820418754918615,0.50975056899273,0.013956035054405881,0
C035,2008,66.82055457106483,45.190401599852045,-4.032095533443318,-4.710546315166406,6.873266830418804,3.6401321200884857,10.395817710142015,-5.812423132166723,0.4254479932168969,0.011530666090120434,0.058322588281710906,0
C035,2009,61.89143045382988,38.27385100050615,-2.9498395680126825,-4.26944904128493,7.318667830670055,4.209727309489174,3.2647525174237444,-3.8150680114760203,0.4837729427360079,-0.1424365035101519,0.014907892533514738,0
C035,2010,64.94288474678777,33.12319355791452,-2.2534311597130876,-1.0046396195000291,5.267903965429457,7.407433639243874,6.549124968016352,-5.492401844958776,0.10576012126829781,0.027324583101806355,0.013458161607388146,0
C035,2011,62.960192111412404,36.301037017220494,-1.1017287219284084,-3.2172726428545744,5.046179951245468,2.173797604034067,9.657217829472312,-5.294125238729791,0.3050595712465062,-0.35962827151579796,0.03418714502587896,0
C035,2012,61.32428684337492,35.457905895497,2.6647072239377887,-2.6660301539412434,3.6894622439130376,5.2481877630829805,11.918371653136866,-3.6124434439025688,0.31770150143177905,-0.675575460660701,0.08689648193638316,0
C035,2013,49.793019046635266,28.161428016948882,-1.2563677884033906,-4.036510073432802,1.7380609939895706,1.797325646271215,9.19574277296271,-0.39288385089015154,0.09544484043911605,-1.313149905477216,0.3932091049607459,0
C035,2014,54.038061387821394,29.87067511929524,0.0528696979583545,-7.346605272139936,3.1767295248071594,4.502256288792763,6.8658161418753245,0.6264536174334407,0.0666349264294498,-1.6005980544317886,0.08706720542897818,1
C035,2015,65.24845453745144,17.90286921617416,3.3513274802912383,-6.083413949904097,2.4184417486692285,5.620325705961792,10.693320361536438,-4.089174518278178,0.4987350343353768,-1.6760452025809913,0.17671317592631758,0
C035,2016,51.34020423901829,8.37007276868135,1.181479946112678,-4.896110216473074,2.7392517349416674,0.8295948794937122,8.430567591149485,-3.3495921680468412,0.6597453089423728,-1.436046321040905,0.07407441917335182,0
C035,2017,51.39910743757122,21.36010317944737,-1.170833241387134,-5.9303143440887816,3.7331711187163927,4.709045005004097,3.519484485772373,-4.940239413771125,0.5598037385720235,-0.8755912103979272,0.04674109234326433,0
C035,2018,46.23179692786155,20.298071204630002,-1.3711289338218486,-4.133662974784644,1.9070379161568904,3.7850912400543435,6.097888071508471,-4.418230850880823,0.608357646223553,-0.6760082130169951,0.03803312785115339,0
C035,2019,46.38856689335734,20.16064969998383,-5.606966996083964,-1.523408720131994,2.917040279076587,0.8892628180609563,8.132588539328658,-0.6018026078627146,0.6183876632590395,-2.036130232081903,0.37184196577208145,0
C035,2020,50.60132180967745,23.658214552155584,-8.282098558874509,-3.022480656482765,4.567321117483232,-1.5429158945434924,10.917660888025676,-2.019155169015834,0.6241745123563268,-1.3128910718486766,0.6814697945790281,1
C035,2021,61.5311568961072,35.50091281979998,-9.14894546832549,-1.8720159531092082,3.6263574885317036,-0.39326000310228104,10.758428539935881,-1.635196035507538,0.627455751828194,-1.581367987564373,0.5120345436114946,1
C035,2022,70.3849859769155,36.6920560555291,-6.86258925975106,-0.5755685343121333,4.159870034499769,1.111340299975285,4.292378207288145,-2.2866970628955796,0.5615719431553078,-1.445899317298915,0.21317719746249758,0
C036,2005,35.39275894320228,1.4113200378251136,-2.56759708116531,-6.77621246285026,6.3773741216322435,5.077164390413412,-2.0,-0.4118664154290298,0.2387222443159256,0.706097870935244,0.0034373056466584524,1
C036,2006,49.492377218820494,7.429285886456817,-1.0164093514077341,-4.547007631645826,7.45391686541896,1.1889256742295302,-2.0,1.7025080776177461,0.3758541832126102,0.8230133686577122,0.04947253316389592,0
C036,2007,41.187055591507885,0.0,-2.139055104226907,-1.8399573244492924,7.321428499975423,-0.7061082169752986,-2.0,2.6415771572796354,0.24681199346241522,0.7135194199409289,0.023718896801735365,0
C036,2008,42.8397853011187,8.210455885808651,-3.604805420097875,-0.40207489593264345,6.954294329440866,3.041086181312685,5.1585117562830565,3.3697331300826043,0.02,0.6247305958972187,0.013948277369560978,0
C036,2009,47.25451913168281,8.748904675342578,-4.042071927498963,-2.5481113574360426,6.207036066874312,7.039390787412271,0.2958920669084417,1.8468177248440856,0.09798928652521705,0.7748192336024243,0.008949389226150859,0
C036,2010,56.222582565351104,9.110931756847467,-1.9239447666866587,-2.9544081603763312,7.100031826502729,4.404236722760413,1.395107985255272,3.648903968474056,0.10997664617528843,0.8787837055124766,0.030225343049998285,0
C036,2011,67.26595382735314,16.680966126970695,-3.290243825209484,-1.6672497246986735,7.936339166449787,4.072661563294908,-2.0,3.214039333973464,0.3584093846373214,0.26113417672914974,0.07575206582916286,0
C036,2012,61.70412792871016,20.056928760151408,0.1821560064886869,-3.6366895459828195,8.160913026161996,3.5920360294814224,1.7519365484454772,3.383974231154249,0.52049493067938,-0.18788261530716666,0.024201464738085102,0
C036,2013,48.10654615790077,14.109691920085707,1.9432509907909679,-2.437303752411071,8.29447583367991,6.36242777628928,0.9040936908251294,0.4775076342678872,0.4258634537125444,-0.5132870295676334,0.01660232228499821,0
C036,2014,54.647584146354774,13.357330377214215,-1.8659735440762795,-6.057738581761386,7.464296812061331,2.025717453573548,-1.8757792079628643,2.128515206779925,0.201722494661917,-0.5951827672614826,0.04687837131456799,0
C036,2015,53.39467289261142,4.22466279618126,-3.5311760091112596,-3.9934188639628054,7.207427281527175,1.7683420444806555,-0.8281008626312942,1.5443632781139887,0.4513211206203351,-0.5436308324975561,0.025554856245573195,0
C036,2016,53.20786380122701,3.851348581642039,-6.009457635265559,0.46565863161637244,7.009125770394516,4.158608238082298,-2.0,-1.1048715745430395,0.43136039279210553,-0.22362379440110922,0.010368152366500632,0
C036,2017,55.7714095943405,1.257194920573184,-4.685426842630455,-1.6502676737984814,6.970319421241429,5.445052276188186,-1.25896226374206,-2.486110344666469,0.35616599451795483,-0.5911180732600015,0.03212363552259138,0
C036,2018,55.852937030504926,3.423359263382789,-5.514559996718866,-3.7321824125422793,7.792398943757287,7.275237004343012,-2.0,-2.668692751695394,0.2547723377356933,-0.31027994577553175,0.002971218268620215,0
C036,2019,44.54736522632152,0.0,-5.697441555932022,-7.776381831093806,7.015626256247349,5.200890266880418,-2.0,-1.6792411603023796,0.30599857866543867,0.01749548779407656,0.008482816416025066,0
C036,2020,45.35245675873339,0.0,-11.598467455860774,-8.008339509319967,4.5875585408373185,-3.002263499303993,-2.0,1.582871010363717,0.16478416292158007,-0.19668942191371303,0.3796312494279647,0
C036,2021,66.76936231638345,5.176208600726067,-3.1648996039331645,-7.992576705360453,4.924428674763455,4.796164132205518,-2.0,1.4223376633475449,0.1435606202659402,-0.07541186558185277,0.09412760397855191,0
C036,2022,54.47793697790456,0.0,-4.684723195072346,-3.319617087511349,6.777721228786513,2.8975264424431275,-2.0,-1.6667032123917727,0.02,-0.3508025952309097,0.008805220677238613,0
C037,2005,30.41396214061426,20.157902464017216,-2.835058665847029,4.245624574756518,5.564530394313955,3.3257617379645485,0.031464625426575604,0.17200515768048308,0.5948516334153471,0.10131592219680872,0.02871184722130243,0
C037,2006,32.2795187729204,25.898181193579553,-1.7037894298393497,4.397886930244243,7.18414519794286,4.540606618900305,2.16365844769827,-2.7338172420316553,0.44025319348712955,0.40101198362266,0.004388016113661629,0
C037,2007,47.11567943466642,21.457174132206227,-2.1968816874454986,4.090240595783073,7.044541812355202,3.7135760721634874,7.0489282518543845,-2.0568007372214376,0.5118240459688363,0.8286692485811518,0.005405224525468193,0
C037,2008,40.5837673020316,8.917267466233511,-3.6977689433659737,7.8310384245786135,6.208281769821329,4.193335684938894,11.515379987969578,-2.970788883716716,0.3638146767732722,0.8251256299363912,0.0036346673280637266,0
C037,2009,44.289833624167095,15.907449462142225,-0.12549800786392273,7.389023142950976,4.836309922310013,2.5073442390520175,11.71999264519544,2.5148815069239623,0.39458007289016306,0.8392847027238285,0.03878512258502629,0
C037,2010,36.87743424425123,7.694346291732909,-0.5818373387301682,4.327848457303199,5.45832999741733,4.075267165101731,6.2649918620540745,1.602061206319398,0.37535530300179043,0.6220582967044558,0.006384050340473771,0
C037,2011,37.87298666884351,7.343002855672433,-1.5677345389811608,6.448096530746722,6.060183007656696,1.1703156111122865,-1.9496908850293515,2.4078363822637074,0.36941490988691683,0.2705039073965259,0.03614496445393662,0
C037,2012,44.113028163118074,7.993895510068771,-5.553011253602534,5.31524669238304,7.240717088361926,0.5452921873240317,4.534597140060494,2.7642576090949023,0.3248720642597816,0.4687252854049731,0.08986198742653642,1
C037,2013,47.13568621364748,13.858064567504288,-5.44434995231938,1.196657003931434,5.3542413737228305,0.8480194679876079,2.7253212802862596,2.141718190034232,0.46413268930682516,-0.2776130177369736,0.08507171777993856,0
C037,2014,52.40557492863856,16.54742301104273,-1.7851092635062757,2.93156974447625,5.040866011447788,3.0903490054118925,6.366797279627043,4.696336078431772,0.5893420862847257,-0.09227859850146292,0.1571823222189742,1
C037,2015,41.05461134281241,26.301703579207178,-0.7417132079600948,3.468157863805591,2.622953123476869,4.640287986161441,0.6249160147342296,4.5340124625406295,0.5728967991072097,-0.37330395492852075,0.25099347590949644,1
C037,2016,38.86709238471288,19.09230050748704,0.6146152085550785,1.9040566574566122,4.964137682355745,4.299542331561386,0.42239299863504626,1.0401912348299196,0.19122241897132447,-0.48662061840689286,0.0729884164683614,0
C037,2017,15.638542384992409,11.062419219540452,0.20978847914432047,5.349843127249679,4.960350691109154,6.88578779693281,-0.5689020664791857,-0.6891613358268618,0.21898789882565994,-0.6247312803753045,0.010240547229549351,0
C037,2018,15.577707874411177,15.692341761675308,-1.2783624551492783,3.39746496354506,3.735710010126618,6.967945964598113,-2.0,-3.0496703319126808,0.02,-0.08210626097315887,0.000981333830323206,0
C037,2019,5.560281561559229,18.511820082341366,0.37730313275966165,3.534805994700371,2.552448954915649,1.1062614524220393,-2.0,-1.240371585069116,0.04727903962144113,0.0192075497566708,0.006826032152862188,0
C037,2020,20.21272954154862,27.34053514674205,-3.6300049957094567,4.020243398429056,0.2,-7.98395332623382,-1.7749554139304662,-1.1764040355862961,0.16083603170629554,0.41009040902741645,0.13741035506712884,0
C037,2021,28.712391936344154,24.860049616756257,1.7032104712616125,5.587102201251507,0.2,0.34252618955245706,2.4727277044827827,2.082740045458271,0.14823284783971588,0.31737863659222165,0.05380532202822835,0
C037,2022,25.442686054734274,32.82385184619326,-1.3700310616236657,2.513745691738044,0.2,0.5117346462184331,-2.0,2.489969287587337,0.20310138073913792,0.07196047782915965,0.32934467664293265,0
C038,2005,51.98695972902585,17.271084716550636,-6.7285308504618015,-2.381016109232587,7.649721173242714,5.8144123446185185,13.886750259936752,-1.9030252609728373,0.09417632695222664,2.1627978345554544,0.011937348095266549,0
C038,2006,49.5435666277837,19.24055941268865,-4.5069353896164905,1.357814260940545,7.8775263857676965,7.249728414505578,9.388924003842952,-3.319259447066119,0.02,2.2307289299739503,0.004199529369289365,0
C038,2007,71.06856087733466,34.44174434993454,-6.240093807639378,0.2946262425174788,7.934656505728297,3.4203579419047707,13.546124580650135,1.4678940495532462,0.02,2.0960249957375146,0.057294140437239245,0
C038,2008,75.41213957577106,40.37292190332455,-6.613634167540354,-3.958479593376861,7.6691929305782605,0.1489926184507948,5.588934651897575,0.15680848996648006,0.25407732522911874,1.895619474477773,0.13675603187243157,0
C038,2009,73.72471915479828,44.04266223289846,-7.924163588339727,-4.755462938427765,6.9627811826206445,0.2503676449092227,3.6795636198802857,0.9780006092298799,0.28718447380748086,1.7752628611174397,0.225273110536598,0
C038,2010,72.65166473639246,50.28210083768775,-8.504814244927516,-3.1229774225042815,8.123750971686018,3.4082359521013066,2.8792385768224924,-1.446643005278727,0.082759294138397,1.3377542357303709,0.14461889362138092,1
C038,2011,71.09870760954398,46.521771452318426,-11.29050521643855,-3.670545721887559,6.7525404335552155,2.6644240094978224,9.121457736714136,-1.4575138492942912,0.07726359993707656,1.5899646985597897,0.11321809337175054,0
C038,2012,69.57104470943095,49.96039257356371,-6.872577330698673,2.1336353955114813,6.36288451054953,5.566466858623205,1.292571943339916,-1.783566494582772,0.1557876426146311,1.6987003598571015,0.008094613709055499,0
C038,2013,62.19882121346177,49.341455767244646,-4.666345568063359,3.2878731250674775,7.578584397276113,4.777993861307863,-1.5986346084115044,-2.5729312549403716,0.2110802819648056,1.9321783458765378,0.004558229348939388,0
C038,2014,46.95553543254913,47.40188934196817,-3.163621944612294,0.5753600187585222,5.84746853431521,4.695073903390295,-2.0,-1.5117653092460377,0.13099822168609482,1.873967780138095,0.009658413652363309,0
C038,2015,43.44240707931569,41.86411612942284,-4.9603746063883385,2.3968808659385377,5.054538242192963,2.3266343176054334,-2.0,0.19925051201327215,0.027989454265973407,1.5163315564485251,0.02847481762576842,1
C038,2016,41.97287161402101,50.657191069322096,-6.387286515215147,1.8244114335886987,1.726705561704199,2.02401312881383,-2.0,-3.3661995403151,0.10604419855557849,1.2879356630702543,0.08150803091812969,0
C038,2017,44.46585419538424,53.88986689534188,-2.9187980606568242,3.48332866759307,3.4623784855218886,6.801770410993257,-2.0,-0.8277125481472178,0.062460217437050825,1.133329835572294,0.017988415369636083,0
C038,2018,41.062620387106335,59.44734229386898,-3.933754051786859,4.9138130995160045,5.38865805619223,6.6668233846503115,1.3027201897648961,-2.4732944275803934,0.052791856388568655,1.5590270666009571,0.00601820383470003,0
C038,2019,45.76787085076918,67.29055413814642,-5.42289884996379,2.802500138110134,7.306191023985868,5.536049997592231,0.7425338628856943,-2.0675048033011993,0.17405906125751883,1.5448886239784057,0.009995100285207665,0
C038,2020,25.647638013847537,50.96968222167963,-9.159689897429503,4.559086204586927,6.462531650047338,-2.1589302886388966,6.7037062376475385,0.6883148424750836,0.37572075943840233,1.1687314725768772,0.048214864077510834,0
C038,2021,39.991051398233544,52.95255063881336,-4.57904918890872,5.284849255058011,5.010427725047633,2.220425790906149,5.911551904679997,3.2940358572598765,0.10828901918806605,0.8834793414248332,0.10040353689004129,0
C038,2022,31.479786329725798,52.58300183145752,-4.845611152238481,3.8312295818204682,7.7522522699540914,3.7368241336183132,7.22104413055067,1.5995461151781765,0.1818448790944798,0.6760252167474701,0.027730840365474855,0
C039,2005,38.221273714681146,37.919878163893614,5.486746217068877,-13.931690720559953,1.9066327376776409,4.1510556296297,13.089380761359152,-2.965309833783818,0.9665744046455882,0.5935907625206537,0.08245400626904906,0
C039,2006,43.57304754073707,36.752896651744884,6.586786419950467,-12.85602207225455,2.0618272168777088,2.7953749877182883,9.27222178108925,-1.0678159650808723,0.8063503210467178,0.9505309974547601,0.13155329833590823,0
C039,2007,36.95491394666399,23.669028646146543,2.1091315174223304,-16.184807145504355,1.8953835951085045,2.6107723441927737,7.876205067579771,-0.032280477951608266,0.9562914863980797,0.48939315664162775,0.24909442583808955,1
C039,2008,30.94573513287397,27.152059219369175,-1.4739486884759267,-15.774857952981542,1.5201834674855155,2.9771303852198554,5.305345699535505,-0.1668019365758251,1.50614708569684,0.20913038550985097,0.5887474678738689,0
C039,2009,23.697879059017183,13.32559137094162,-2.1280894250398155,-16.61455994552395,3.0520822677352957,3.2743682684619038,0.2377093550770928,-1.6609350749827458,1.3125160250904022,0.29282620786135516,0.1395971225006176,0
C039,2010,28.056474913208373,22.587967150644715,-2.467559020572689,-15.802376334632369,2.8336649161067973,7.875544750285903,-1.3791375223548337,-1.5297948376899542,1.3954233153121656,0.21604162963672902,0.2338163540929528,0
C039,2011,44.45893747197468,48.946068484135225,-3.1846561918540273,-15.391338813910933,3.050769044103384,8.418231192347342,0.5978041533956899,0.3866358672261976,1.3000140295919376,-0.2234838705679656,0.25610257757774246,0
C039,2012,33.01796341411362,37.88666435850622,-0.8834416685859814,-13.810234522548212,2.8420294917551185,11.76701979539046,-1.979109743718404,-0.3688403305240068,1.1117664961240827,-0.20054394660885072,0.1197704808424379,0
C039,2013,16.524440682292145,32.823773383170696,-2.63121122233529,-15.063589950954714,2.93450863800327,9.647907793605127,-2.0,-1.6672845345253564,1.2419271744499212,-0.4931971052071332,0.07343246849024702,0
C039,2014,5.0,19.60796908093964,-2.4036796213572806,-13.052805566173475,2.2266657326081694,8.019601557223153,-2.0,-1.421241020474048,1.2844411671621767,-0.16195255837866024,0.03320320923395577,0
C039,2015,12.389775910380067,10.918131392187867,-1.9977255231819209,-13.814352701436583,2.0894318659432676,8.080926574152686,-2.0,-1.1916609737951562,1.3895847354542812,-0.4198181794632525,0.09162276768052721,0
C039,2016,17.862551592183365,20.23129947106814,0.7269559934494854,-15.907953556146758,1.150723473877478,9.41429463418154,-2.0,0.3303921341299545,1.1691666201722208,-0.5135392167578019,0.3848408822903211,0
C039,2017,5.0,0.0,-0.4037502288209829,-13.00947521694248,0.7779531820226512,5.009868441421774,0.3608690139925832,-0.6708774978365869,0.894493069669643,-0.03037443556204228,0.052000971731740495,0
C039,2018,6.737375728273836,0.0,-2.0962044238321544,-7.884498019058315,3.2549613800165775,3.5154886155092027,-2.0,2.07468754468543,1.1112294613947336,-0.36227268992578127,0.08441917520309647,0
C039,2019,10.823948374026783,13.539071214946796,-3.5699629773337964,-8.355622451509213,5.042849190768375,3.204828097859446,-2.0,1.3517431634765298,0.9558261675213364,-0.1276392610168723,0.03058987566341469,0
C039,2020,5.54968201298926,9.566845185075529,-5.9109188578212155,-2.921450337290298,3.1725037811257524,-1.1114015429146722,0.5644055753695998,3.55863836040625,0.8488973997184779,-0.18255399901704547,0.0898735896152167,1
C039,2021,24.54357131987454,11.998374044653781,-2.7695580664670705,-5.908502542982103,1.4881776337900066,2.7531821450706175,8.311986289543833,5.0580924421868705,0.7938801715672703,-0.08593093222003267,0.3480101566621491,1
C039,2022,22.263878772757103,16.14002500899076,-1.4308299913930953,-5.983397457370637,3.0085569826060077,0.8350119592213079,-0.4132716796504248,2.5747553076793728,0.712925261120586,-1.1227948433771648,0.18659179798663245,0
C040,2005,79.17121735030116,55.605877871661804,-3.7391717582583035,7.25794578089664,5.275192271213566,1.352767247730357,-2.0,-3.7830206900334877,0.30426338187174895,0.055037701956244245,0.018011122655628743,0
C040,2006,88.6361680938573,54.524248961068686,-1.6957777865921264,3.85739325886873,6.536518966558704,-0.8181375936711874,-2.0,-2.8569009052094714,0.65879874116478,-0.1405909214132912,0.014404025916151973,0
C040,2007,84.0184224814532,57.725584163545626,-1.477462400944366,0.44670599075745177,6.1581299108354965,-5.9982849786590675,-2.0,-3.979269201634777,0.6292208942562362,-0.4592767741103673,0.054497418459227016,1
C040,2008,88.8900743558329,47.304462477068796,-4.797388156339366,2.289582811597307,3.6561288748627825,-5.529359258790928,-2.0,-3.5228788253874606,0.7862663642859729,-0.360166909147956,0.24861679992102922,0
C040,2009,69.0111127239633,42.25762551358139,-4.252324069860175,-2.1671959773028764,3.387345695269992,-1.2963910636265759,-2.0,-5.153264759550594,0.5777292830324939,-0.7399732430396517,0.03227774447674393,0
C040,2010,71.70809013653846,31.77924370359983,-4.0190534468121895,-2.212529817755931,3.598056517054705,-0.6417846823420968,1.7904648029862806,-1.974044255791415,0.47670044932882716,-0.7206043650799483,0.11064146586639087,0
C040,2011,68.8339825860481,28.556627878672856,-3.0900797820842993,-1.8136136935096712,5.668777121234051,1.1494378315623104,1.927473620463119,-4.470058185731526,0.4821002942112345,-1.3310663074553952,0.0404775795154076,0
C040,2012,73.12966285334045,29.545946182993237,-6.25141421634715,-4.405175371118016,6.134372396906276,2.0230955830384705,4.850861511911782,-2.5499523977213983,0.5586296852298986,-1.166816077853493,0.05892484537061498,0
C040,2013,79.1097562602817,32.998093561361664,-5.204734116918114,-2.738901469657188,5.814346601387802,0.47856363025832716,5.709477127152345,-1.3961557605135195,0.6632329730547256,-1.3171051113230654,0.20478672250327784,0
C040,2014,86.1936523308369,42.430098966194095,-3.490939645446587,-0.42110602220476245,7.862831512524462,2.310309087086293,4.08491194953479,-1.5913582270187707,0.6385427762326239,-0.8818528849081289,0.023771042022640337,0
C040,2015,83.12389747369751,49.16563692054099,-4.742274448142695,-2.8028219069509177,7.316867867596424,0.683265649515141,-1.8572164175349974,-1.9458262439871068,0.5592354675595936,-0.9457999745413808,0.14211546744687095,0
C040,2016,83.71641348603838,52.642798255036126,-4.983834740449291,1.5588765804907743,7.108882726970715,-2.3360862393750255,5.2130166990282785,-2.1101858749880025,0.4675467593966337,-1.1083920584117664,0.14892647169482237,0
C040,2017,68.95760622769524,32.8416337466641,-2.7027979420689885,3.3644277217973784,6.763095997686891,3.3363632209222414,0.6701231516909969,-1.1197086621045764,0.49058815323191196,-1.3112302186217273,0.02916737500542549,0
C040,2018,71.86367301668237,39.88761535056245,-5.30653203047792,3.7400603048348886,6.344048774519874,5.7447312078849375,3.6010184021053266,-1.655351949215802,0.3977489231478988,-1.2781654791274122,0.07178670983385273,0
C040,2019,67.13554059672005,39.7504379431668,-2.248884507728802,1.6839190746342805,7.2998028515505595,2.585824889336118,3.2732552946554208,-6.276229022576322,0.4494803076358228,-1.1231969887525057,0.006849028429973918,0
C040,2020,58.243369664318706,35.74019138281342,-11.034420523827915,-2.375040253702697,6.813748732228888,-5.655479472716544,5.434774639006058,-6.033644049024904,0.3331308948655214,-1.4037511258934765,0.0522308910468466,0
C040,2021,70.36954335490266,39.232538493036074,-3.484145511376423,-3.1875110498210253,5.4384962232413665,5.533138280206399,1.9879196644284618,-2.3876090292680603,0.5050545210082289,-0.8243818626284861,0.10807050792645402,0
C040,2022,72.40008113721137,44.962660702856965,-1.374217986756777,-0.5792411907117847,5.748294777900077,5.040577403821576,6.100327099428165,0.31935337191546087,0.543986079286493,-1.2126955918033437,0.25086278895513436,0
C041,2005,71.2286347446953,51.67339032649923,5.91154439814861,-0.1362003606008868,0.2,5.5016642115354175,5.345626271800009,2.0101718504706123,0.6510306973903321,-0.35828358373492575,0.20872206320605313,1
C041,2006,72.52198973666441,60.776529377950425,2.8987971127632743,-0.9787583457724289,0.2,3.8571495140127294,10.626128834737882,0.5775379618291201,0.49636870076810624,0.040774933684241954,0.4593886492733311,0
C041,2007,74.64458118754847,52.250611415747606,2.8611763759245736,-0.29621653614482346,0.2,1.314532904555989,17.54226985304353,-0.687574754508467,0.44035477106450843,-1.1937759765356115,0.4148639265910102,1
C041,2008,72.37921081140557,51.33055274810612,0.8340654079960816,3.195906319246655,1.0609125650530018,2.4714028912066177,19.360683701909416,4.308266497882897,0.6128610650764931,-0.5227092599794663,0.6807397882052131,1
C041,2009,72.26268833522086,44.83504336903863,-1.2227210760971272,1.41879540359837,0.2,2.992112996426027,16.474719678396948,3.510977293848563,0.4857675697387489,-0.24562900602322768,0.6969040503521635,0
C041,2010,65.19273215787149,39.407795918979865,-0.666893324710678,0.15750739360506716,0.2,2.028397165781485,7.073565133398685,2.942633395086726,0.4580271561085173,-0.022278625584637085,0.29977293617059,0
C041,2011,57.984337334949615,32.41236409483419,1.4557273694767516,1.151157143322602,0.2,-0.578644895150024,1.6709430154736147,-0.47674884912281934,0.30913057913937964,-0.4192553323436476,0.16281272897023968,0
C041,2012,54.349462429019326,23.28741159386692,0.8091104566757702,1.076458528945234,0.2,4.792436046153754,-2.0,0.313966553525166,0.29586673260308305,-0.6627097660004871,0.07126728473358403,0
C041,2013,57.74647360571999,26.243605931259854,1.6242790359308836,-0.6679939898096359,0.2,6.078026555719497,-0.7948998236261153,-2.6233046097057358,0.4203238443108168,-0.7239875831942842,0.0198830963769076,0
C041,2014,67.9856782130446,41.489588398508,0.018188615453160084,-3.861954004927291,0.2,3.02291399275922,-2.0,-5.367192066546456,0.48550864144419265,-0.7931123287536553,0.043342216067799325,0
C041,2015,63.34788215109103,40.28153572988479,1.4468771318933402,-4.8994180641529255,0.2,5.815787378191898,-2.0,-0.08139355232085155,0.3947190644104071,-0.526540539964697,0.1020508150557319,0
C041,2016,71.14330931603943,50.19017498615733,0.15039944387827964,-4.396804759420456,0.2,9.337112022712082,-1.1918757361836188,-3.9740214445951487,0.31015212399713665,0.3389598087852628,0.08382360972796803,0
C041,2017,74.26850239396663,50.79364028479902,2.8763949097181962,-8.540184751724276,0.2,3.4829019389496163,-1.0027804408730612,0.8445006318701416,0.5132799183246446,0.4399680859674831,0.4451932137558591,0
C041,2018,76.01630885786878,48.09618793450269,-0.32860331614650784,-9.2632295345371,0.2,14.0,0.3532745459961297,-0.013534403504850662,0.634274497331651,0.17743850383182555,0.25120764628886594,0
C041,2019,75.1763526635612,49.12578535369332,2.731994377513644,-7.357556578438412,0.2,13.701381003021003,0.6423294645845059,-0.7275239061819789,0.6478565538155907,0.3830216913810294,0.11741413277901619,0
C041,2020,71.50350717222489,41.687953234399494,-3.3762271425558765,-5.406496423369183,0.2,2.0686691065687715,8.17880199799016,0.2660596490635023,0.596683969269457,0.21823650571273456,0.534009750342352,0
C041,2021,74.30918956474402,30.859769937412988,1.7470934912959462,-9.943340791036745,0.2,5.640625859700956,12.36336479276364,-0.47592738616621133,0.590996778319762,0.64332569533194,0.31314448013690827,0
C041,2022,58.42598848214841,27.493400637256435,2.8338664199345307,-9.056587262696548,0.5989622469609126,3.9401118873850907,14.411157112692901,-1.753042472403317,0.6403683452056292,1.1649640398064813,0.1481465876411142,0
C042,2005,29.664087237106425,30.685718278745448,-3.089106436418845,0.529615364506739,2.5080438363762894,3.393344870010975,-1.562677632599705,-2.052259526640625,0.6141193088299943,2.1033873510281005,0.007923361951924703,0
C042,2006,27.50941466712477,32.349898140420606,-4.735285273278973,-3.076405046623889,3.6503573925687642,1.5690708930161605,0.1872319655365136,-3.4471159600083796,0.4431487779105532,1.9281026388233833,0.012022365544950306,0
C042,2007,42.35774484899858,31.87954938120685,-2.812505719123267,-3.065971276149604,7.0109987999338035,6.653415910227535,2.815199055969273,-3.6338431892716088,0.5439051115564963,1.325192130445465,0.003749312084130074,0
C042,2008,51.3474749010752,36.16028082343151,-2.5637845001339006,-2.150535375967816,7.007870327116361,3.915026136085885,7.111920753820326,-3.0159603822022625,0.5848621559987736,1.236375116653668,0.03687938516951815,0
C042,2009,46.54704275662744,42.74932422955766,-1.8925438790295601,-0.6336287031624426,6.903743667634982,6.904768038715887,4.641710747788399,-1.936356828428655,0.4796804215646266,1.0186761260980302,0.03781892666716647,0
C042,2010,33.456441803841656,30.888358389125585,-5.786535508300501,4.599577772107285,7.668704731858045,2.166596354416363,0.5099970886985044,-1.6136645374669891,0.36590339520094417,1.1768766481606159,0.00187525610506447,0
C042,2011,30.62723337294945,31.839465295662578,-6.380370430651002,3.371330621468116,7.453518955021701,5.447594506592058,1.9158463386483775,-1.431791332099686,0.2658129507091145,0.8950491087402619,0.020429879801209427,0
C042,2012,41.59972460916171,21.969211084607725,-3.2369777916004363,-0.8211757107665747,7.72450359552832,7.714632179152846,4.436586568382597,1.3926423461826125,0.530775034444975,0.864555150415043,0.018068970112101304,0
C042,2013,35.874556002847164,38.035935678952285,-3.3589435916579418,-1.5654754645416737,8.053860325137135,1.2382985899332608,-2.0,0.8245546700980826,0.7780093134903354,0.9150130466023958,0.05259622140015589,1
C042,2014,28.31515236380936,41.84557174886756,-4.2945583293257705,-4.913999768005308,6.451067812339359,0.3594524108199484,2.6153526149633395,3.2113963375466934,0.6616744214141888,0.08370325503610487,0.21395365805981156,1
C042,2015,31.503654606450883,47.18545878723587,-3.575075882835504,-3.965824896615554,5.85450276760086,2.4730433348010994,5.06548542203393,2.230079810070729,0.5377703993446887,0.18787467713043918,0.2730048759881284,0
C042,2016,23.67141862798033,40.904966230764686,-3.6599903504465727,-3.3346854799759256,5.443837200020978,3.4269364188609317,3.205627534769021,1.4598528207412336,0.48212588338321843,0.5136455056070746,0.07048609325078882,0
C042,2017,29.08685923184661,49.72111491174449,-3.4970610714726,0.30752694293359095,7.0385459022025,5.876733064453403,2.5156359487028466,1.0591825229221796,0.4759625686116392,0.5258872300671562,0.010682816648674254,0
C042,2018,33.42957344605612,52.170376595686584,-7.891149398123709,0.785544022866711,5.321916355896288,7.086774461101068,-2.0,1.0856038325223554,0.6315628169852646,-0.19966060437991862,0.07189272118793655,0
C042,2019,40.35954758877199,58.91181495469299,-5.518050744945546,4.971210561918765,4.942466792731286,3.1235569363603144,3.1771386665918513,-1.755471884634836,0.21190863976065538,-0.29798561951235003,0.067493878269831,0
C042,2020,38.36181116588171,53.20121731720123,-9.204332867627564,1.0953544011835876,6.034668274947685,-3.946386547650869,4.050540793355757,0.4751365345307508,0.36871082360463686,0.43652437901620006,0.1639156929792724,1
C042,2021,43.284661981113246,51.4560403589224,-4.868697459582029,-2.0152304029285384,5.046724105024278,5.995756130996853,6.328102832632469,-0.7447304251992395,0.5295367555435222,0.663596651510586,0.10323570574612251,0
C042,2022,49.21303596468448,47.80941997959572,-4.130925181108602,-5.6392695669045745,3.70224188194653,5.739352034844117,3.729460172412633,0.2670493609887287,0.5331506434073346,0.728669767552052,0.1503689157245382,0
C043,2005,34.07850772847565,2.686023735926291,-6.192208071192608,-3.530217868740343,7.473355163575823,4.198700553807686,-2.0,0.6657869250248953,0.5889916569128297,1.0587215648473975,0.008452105394695007,0
C043,2006,45.36137310753071,10.154313704429551,-6.53702816473245,-2.0018764980615167,5.958429367277329,3.6045538387927367,-2.0,0.6449739897879412,0.4168445967507841,1.290718453235769,0.025797691461966542,0
C043,2007,39.09309220966876,18.951078318685965,-5.5616318030699885,-1.5741078242525677,4.960774989887638,5.611919651649687,-2.0,2.1719671896852963,0.309633652927669,1.7151273481385025,0.04103684287259807,0
C043,2008,47.08586957454133,22.572538702303856,-8.256410867930498,-2.1142078683759205,5.144701226661356,5.592420375805978,-1.300754078489853,2.498993750018788,0.21587097575260394,2.1312039207988613,0.016788032880770926,0
C043,2009,51.99238660685766,32.58042260022468,-4.736290205588435,-3.510980357172297,6.243201545049983,2.6224396500620224,-2.0,-0.8576662951280127,0.5777646990823258,1.867065868688273,0.020730138076903708,0
C043,2010,36.53923730050312,27.762242207717687,-6.08346694402756,-8.338906126495202,4.894733487709246,6.880646464320732,-2.0,1.2666795269393591,0.5452654739682671,1.8527667873269635,0.01619532368030377,0
C043,2011,42.44508884445431,31.66380598531029,-4.2179081747522424,-4.485965304935692,5.228542598781439,5.315425637581192,-2.0,-1.6858861032874182,0.4870356109294033,1.6706736593655003,0.014996854515352792,0
C043,2012,39.28727170155813,25.47202934458769,-3.8137162426063194,-6.618828800346879,9.330981913396899,2.954915851780059,0.6827526022725428,-0.2763254546883087,0.7875215320943627,2.5,0.02432634563214164,0
C043,2013,31.03742577370152,20.092338893023367,-3.80006044965964,-7.264078349275956,8.290861749935445,4.27574641856749,2.7795207001895004,1.0334278865657909,0.7107340191920029,1.9304006869514725,0.008695565484392627,0
C043,2014,19.352135847325854,20.690385164275476,-5.5121824817729745,-1.945058256034356,7.974313652572743,5.691764641689933,7.519500992908952,0.2929093378441936,0.2656015114387422,1.5792521327227378,0.013838024626173914,0
C043,2015,19.473615613417113,19.407418432076078,-6.766202052546124,-2.238443304510573,10.067902212890749,8.490069443167904,-0.8661252331333866,1.7901754471858566,0.11992660608346667,1.1454449554126631,0.027483756336608284,0
C043,2016,14.341698634143262,13.805835711866964,-5.313502644303028,1.3071348592427365,9.703482454615,7.013936566019784,0.8191518448960352,-0.9762058309270589,0.11845161545869644,0.7896932176838749,0.0043466400838400275,0
C043,2017,9.797846434427933,4.902074489590514,-6.145777243545507,1.8342253528328727,9.994712980696749,4.170468938334328,4.367689653250854,0.9399578685383813,0.09857685939815812,1.2038087792312393,0.002957669535969079,0
C043,2018,19.663020457912655,5.784010844848282,-8.447973212173002,7.140881574314262,10.510175470278801,4.092344523207449,4.340002852854748,5.057811674483141,0.17224559989259242,1.1792457452769722,0.01327841828393214,0
C043,2019,25.122612084147242,19.744911127366926,-8.981593120494853,4.78285970766059,11.827535992897031,5.5695112567119684,3.912098143933059,6.610083173279898,0.3300639745599917,1.7877827807713,0.004499654928566203,0
C043,2020,16.794601473909847,11.078839684815396,-10.480970656153811,6.119003135462356,10.02612379544589,0.03411583424450271,3.602243288439866,9.497186691138705,0.17539198652039686,1.7053844004878285,0.01722695285972026,0
C043,2021,29.76169591357882,20.43479782947842,-3.544324931478004,2.960843948991,10.35440101250081,4.981673037608324,3.2466011841079547,6.4398726820065795,0.32265133887506436,1.0082580193901602,0.016997257977027207,0
C043,2022,39.506749318096574,24.055695388390813,-5.881445758207648,3.707117687517468,9.758636028682329,7.756288518425243,5.172611943827852,5.977571915943195,0.17318016002250636,0.8984455613479778,0.02960825021233006,0
C044,2005,58.86541893994568,17.84858392552854,-5.749362270624459,1.3030617256876116,1.9635411933361144,1.8702608783503396,7.619260827570383,3.0355274736972437,0.02,-1.6151760449729438,0.30071406209314966,0
C044,2006,62.099616602024575,18.277709143048156,-5.65361256159267,2.140882999101863,1.0068137911950108,1.850350073125041,3.1093319320469126,4.1071206283088095,0.1566541376247496,-1.3121838983798189,0.4971866745492341,1
C044,2007,59.72190930353993,24.5546209967925,-4.205044635883601,3.889708089798356,0.2,4.888456779343128,8.405001514991463,-0.21654926626175452,0.33793804257649906,-1.4263906488477016,0.2425484623656209,1
C044,2008,73.79124985692599,19.55739906093276,-3.829891457085125,4.611643584052472,0.2,-0.10869031478841329,9.00888974372996,-1.3693689846461214,0.46949359875535435,-1.05676595640708,0.28479287779941337,0
C044,2009,77.67637450689378,24.584311565674398,-4.291966785248224,9.421808755816224,1.3210548512782232,0.8072019657373215,16.821000585589736,0.15138750565160408,0.22313648315586737,-1.2797435094338885,0.30869677793480976,0
C044,2010,66.89842986296284,11.0502288731264,-3.5537629675959326,6.288238664529749,2.2889185930772546,2.065722710491703,20.586171484237074,0.5913481027522987,0.42459785276470685,-0.7391051639052171,0.13023776563156203,0
C044,2011,53.6803216387558,0.0,-6.11924765600482,3.604739504778048,2.185553297685602,0.34362471946345585,21.54509641262741,-0.16136526444605415,0.4267733235973754,-0.7326289997002873,0.24229076178902545,0
C044,2012,49.07410322206869,0.0,-7.6334082192985395,0.0678891049404613,2.028538529242078,0.8216445197732833,15.290692743753098,-0.7570665937977332,0.5223764492199067,-0.2154519030178063,0.1938723263329534,0
C044,2013,56.481165561216955,0.0,-6.699988986611832,-0.649846323486434,0.8952719755748106,-5.167063693729289,17.430998887404897,-0.6735018338000816,0.47722956261577376,-0.704629535920774,0.40355375407869987,0
C044,2014,57.36678678319651,0.0,-9.147702130715748,0.006685847715874771,0.2,-3.8527850084704776,9.128514378471204,0.750579136697029,0.261132728648669,-0.6893597232602644,0.6222346040771275,0
C044,2015,52.45899902510279,0.9015557666381291,-9.390964808825515,1.3928014090986434,0.4196411014048236,-4.4446223303290235,14.409756604189225,-0.30992601463111535,0.18902022145739442,-0.12959303239606956,0.555757300600846,1
C044,2016,44.39156912633449,0.0,-7.9408149445299845,2.3845823018231895,0.2,-2.868403780194841,8.52670391228217,3.180228871112439,0.02,0.6653374875683591,0.4122791017553473,0
C044,2017,40.121955485339974,0.0,-7.05487436049379,4.016334190467435,0.2,-3.3425643248540102,3.8527783765587973,3.283096715687297,0.02,0.915474325487927,0.11276838595016998,0
C044,2018,25.32742864680347,0.0,-4.492328684439085,3.1416751254944564,0.2,-4.5242790719783414,-1.4489461695006831,2.378107596175989,0.043502471592977376,1.5307561765789157,0.07567705650314921,0
C044,2019,23.403975655820602,1.6021948421589585,-4.290749690621636,2.896239549616541,0.2,3.556349752736085,-2.0,4.786300866596067,0.10716035892152513,1.666391522590281,0.029628152141131448,0
C044,2020,19.09071911907966,6.3719649453375595,-9.173094555058235,-0.25272224645380503,0.2,-3.994330417998702,2.123688394627814,1.92807965908406,0.2223790781689528,2.3107560594043197,0.12382473351463485,0
C044,2021,35.681414226777434,9.877550845302956,-4.970780697786461,-0.3413859459134715,0.2,-1.7725679772112604,6.090182772095167,2.592989249523037,0.21883911879973483,1.5387156092572698,0.1054966003494172,0
C044,2022,36.91755942298618,6.594238041487214,-6.299418228474918,2.109194587075314,1.5322726136255755,-0.8303973957845029,5.883414363588002,-0.9051991982797642,0.18694869842698927,1.5242984955045424,0.095294275110079,0
C045,2005,50.28028036488985,17.49360175970346,0.047977808916862985,-3.179567323094214,8.005792189172077,4.859638645973655,5.0954458958055975,0.8205456701512444,0.1949086586426798,-1.7890228533708048,0.16405655084652074,0
C045,2006,63.282936549090344,18.22166020973225,-1.8755148198898224,3.050849373754157,7.1034602476802045,3.27896850115582,3.6156307732199586,0.05846531677984484,0.2055947307449921,-1.1749602874230147,0.15267497231217292,0
C045,2007,69.03476249731115,26.21840573556393,0.045164735945340206,-0.7404632185793654,5.545747155341286,6.653233701492399,4.791389699829511,-3.0224097320583483,0.41300724478266326,-1.291284781036897,0.06710464794562379,0
C045,2008,73.84607261289077,30.29364048849952,2.4816730739428614,1.1609485898593133,3.6275063287811418,5.068987632297498,8.278749153834053,-1.4747570713508569,0.2513298558362055,-0.7883428415676474,0.12621488053322952,0
C045,2009,73.52722504228296,34.193937599462004,2.9926409252204698,2.722837184820774,4.110420891389891,5.276294717650115,5.20103626504623,-1.9825245770643507,0.22432256974604498,-0.8557883483652698,0.2518066081560512,0
C045,2010,68.556842863948,43.86712142758131,2.03345332131141,1.8378488304672453,4.087176332435549,5.409977722509705,7.283666742057672,-2.8900176427074493,0.6365155869599712,-0.9688721488829757,0.12040232472727964,0
C045,2011,72.68388172974404,54.00213759287517,-0.6032957768653175,-2.0494366845708987,2.2013663627202074,6.219154481333488,15.314854358080023,-3.1030725348131156,0.5967181378240615,-0.518471878782016,0.2254492815923857,1
C045,2012,75.64233688154766,47.0637311359899,1.1067309580462723,-3.0374592887595924,2.3501761272453097,1.580000899371166,8.532657307397306,-3.150791105856492,0.7946741682459676,-0.6313469359697889,0.6129510713326749,0
C045,2013,76.8002294134838,44.10223886260276,-0.1105909047613498,1.772976223600741,3.9919258021102655,1.6735111523127473,7.815424324607285,-4.461062810286989,0.7201248319223676,-0.6192830881459366,0.20702889510016104,1
C045,2014,82.40469495554312,48.80369049081344,1.9743547169538065,0.08063614703150934,2.834876372351607,-4.597175549062688,13.195517194234746,-2.1225342355681023,0.6433486071546997,-0.9135507012584212,0.8407214161608197,1
C045,2015,82.58900494752706,52.2888396644517,2.359412884409279,2.8642977413636217,2.377371399256675,-4.854124784251986,9.366147116180858,-0.5817575178030834,0.5658177968016116,-0.503281177453559,0.6927338270352937,1
C045,2016,82.57806476510552,39.035661435887945,1.1312010341961116,-0.1416380207345107,2.7125514713958063,-5.473735988012637,4.342711097942721,-1.9906335784229683,0.7295695810174841,-0.6743424488429349,0.5839674548729111,1
C045,2017,91.0546626026276,53.79537533271578,0.6880663771599742,0.4843105974584282,2.790095662068891,-0.09813048827224846,10.468556784438924,-2.9242531696324363,0.36216590983512076,-0.6716061392661871,0.7416803463411086,0
C045,2018,85.07092213216221,65.32067195525902,-2.308573511106631,3.564299284678147,1.728631805056326,-0.2783039295227656,9.553320450773866,-0.3352734473612782,0.11839320246154411,-1.32766104673585,0.5598403447980179,1
C045,2019,92.16646155567905,62.42094140380534,-2.979816848546975,7.307263576091154,1.3533253135640226,3.9188948303428965,5.175520629464766,0.8877898374812485,0.2654270523303851,-1.033640618429099,0.6188141874131647,0
C045,2020,82.17675092338506,64.03209356772487,-6.129853369640111,3.8950878814021133,1.7840743781138804,-4.0583427983985185,3.1122713419714754,2.7858348688836587,0.1967446336608502,-1.133210522200136,0.8629586975885517,0
C045,2021,85.12971494063719,56.6767297615097,0.7115534801789296,0.5155846188249016,3.0137748537550118,4.206100864740303,2.7067338076388,2.8595141625535865,0.1493120345522716,-1.0062805226974616,0.29745274059137056,1
C045,2022,64.27494411384893,60.081623894864826,-0.13277628841546574,-0.11731906896169772,1.015003000382157,5.990793459340924,2.3468313442434683,-0.07600506962704379,0.26703123495637165,-1.7235541823117972,0.6733323278272996,0
C046,2005,78.35960491924484,40.153975228734936,1.2834445894585194,-0.7942400655176391,5.666526586635931,1.5953167675959126,1.3478273407235708,-0.48185502921214574,0.3633283108076791,0.7875316413636466,0.15362477127916574,0
C046,2006,79.37844844949468,47.74529578284079,0.24908860372683117,-2.059971904002211,6.3931688456317035,6.626248628827287,-2.0,-2.754639823611185,0.2109388269459792,0.9378816726194654,0.03546550722558716,0
C046,2007,82.268929404855,47.616483812131236,0.2650799537147114,-2.146983722697657,5.987591673629026,6.884330112468327,1.709563264136964,-3.7784976525148046,0.3715050093691513,-0.12458605729187111,0.06974577202888506,0
C046,2008,69.12492347862894,37.36028110201072,-2.2213689756756065,-2.512948481097191,6.02202844929511,6.774292786463584,5.369431044787998,-1.6658117074848833,0.12977834536654978,-0.40522866081315245,0.05530540843023839,0
C046,2009,75.59359238728328,45.2471385894125,-6.958808295458175,1.1878600593698656,6.538162771112412,4.276807581442086,8.661917883231268,-0.9387429750815932,0.13272484795201986,0.3152401469305427,0.08764891756671489,0
C046,2010,73.15098996490403,45.923996701682775,-5.545921862753473,-0.8566274081203045,5.003661790262741,11.714855269749407,-0.9666173594471825,-2.8194749527369902,0.23218787155892137,-0.3366835448257567,0.057710332832473815,0
C046,2011,69.02582477098645,44.27261805320147,-2.588289644224444,4.127265482837858,6.561177869739554,7.577962115708469,0.6390956272519626,-0.20861638197928967,0.2314678168874112,0.13316092461911672,0.06831061679856035,0
C046,2012,75.52632059351762,52.24131741518527,-6.0197283422568075,5.618364501546841,7.1118849985859445,5.208124990461222,-2.0,-3.5131046815961957,0.02,-0.13938190941411793,0.027394682884005712,0
C046,2013,94.08477247681644,64.98855207040648,-1.166053788730253,7.8866612320166825,7.129181845137758,6.5584968256481275,-2.0,-1.1904766709421455,0.2204934775383621,0.2909178654736121,0.02698304145492841,0
C046,2014,106.197397697177,78.56233801356315,1.652915077959794,4.135698425124787,8.309433463189503,6.786353174606434,-2.0,-4.003845912337095,0.24526626526680212,-0.2058114851037554,0.01469349544013377,0
C046,2015,99.84076017983983,79.46959812655659,-1.003767811647166,1.0343732565982808,7.656910056456105,3.7422930941869614,-2.0,-6.232096945085569,0.31997361572746613,-0.5926738144019247,0.060402231288617186,0
C046,2016,107.04170713772416,88.10979284317854,-0.984409945159498,-0.6581418866684614,7.909450872869448,3.2621968819938227,-2.0,-3.620255175426725,0.2334873568299089,-0.5757585972254279,0.1064243400388468,0
C046,2017,99.95697056296058,95.95365643669558,1.1197323587166625,-0.3412674042399227,7.986780041671133,5.715506065004394,-2.0,-1.2050742250158728,0.18004158567530415,-1.2375481413818865,0.17157973873817842,0
C046,2018,80.2724491939107,76.24998980072424,-1.7120251973188845,-1.981977875542375,7.12654773976042,4.16180607271791,-2.0,-2.7838836235273376,0.05077080170655311,-1.1771403222451544,0.09927642448881238,0
C046,2019,92.05266562308813,87.17494167864646,-3.095000466627855,-2.8377931626655606,8.900440732691347,3.7637005498501295,-2.0,-3.1267147024460993,0.02,-0.9196528116490036,0.09316402602091625,0
C046,2020,109.54553627407114,99.8305525389178,-1.0249900092719884,-3.6166580660235677,8.641212139345965,-2.2890961952628692,-2.0,-2.8635514149383816,0.02,-0.29637441882962334,0.340605621929384,1
C046,2021,114.2914731447476,98.84203292438937,-2.9826438595121285,-4.057784695874243,6.828982765591003,-0.5821541046970977,-2.0,-1.5416894511972181,0.02,-0.3340749461183079,0.6440326710221721,0
C046,2022,103.2690263803281,91.6210423390726,-1.2605820418006277,-2.205825011701488,7.127263509729043,-3.2563848219778913,-2.0,-1.7639126039984812,0.1654658644334349,-0.24390779363742665,0.7125601059087373,1
C047,2005,60.31244069246498,76.3243151623293,5.919920070392731,-0.6822345522824635,1.75329477509193,3.8424287495067597,1.0782251389159776,1.150748941049931,0.02,0.615025639363844,0.22987307068310922,0
C047,2006,50.665900646746216,56.002994292321496,3.788834784993072,-1.8137430969631096,2.029541850633584,1.0812827457418088,-2.0,-1.4843771381452358,0.2658813904427239,0.44815648939487296,0.02986350855678709,0
C047,2007,48.63989344669157,51.30834582032164,3.951409195800802,-1.6233366437002659,3.32723036097759,0.23045461367967368,-2.0,0.47039536470965015,0.3121550758820665,-0.16803697483562696,0.02428182756857228,0
C047,2008,49.242498503023924,51.534992661470255,2.844380939245078,-1.1311802440508023,5.261978015293883,3.171134118416005,3.383013452536334,-0.6735240447803896,0.10165117771584312,-0.1640097941643999,0.025576564698947726,0
C047,2009,52.108555449685646,58.78291494051949,2.346515111395993,0.3783905554196778,5.870245271037521,4.618420802975294,7.381560490542333,0.5391970499895956,0.07877754500776397,-0.10404553733042099,0.05597420435304864,1
C047,2010,68.08916087317594,63.83974470020652,3.0186913347461104,1.8370459631269207,3.1377933186798095,4.124937939367197,11.978344101096273,1.2676107403160448,0.2691776168779402,0.16190892933274748,0.2108108476123411,0
C047,2011,76.27791390282009,64.26621814374109,5.8705240315021765,-0.606732675517035,2.333691059335923,0.11856727719159688,7.394357652184361,1.2324915006799375,0.029574411835727288,1.0008641187667446,0.303800411817433,1
C047,2012,78.15782843915535,68.04120687817131,4.2512211202719845,0.27752105651008474,4.454429608104974,-0.7332953263544222,4.630975144979633,4.094906469619927,0.02,-0.1529739304882628,0.07339044588073927,0
C047,2013,79.63076315287006,76.73340100511938,5.560344300647831,0.44751785888046325,4.077980429153909,1.9262535641024816,1.03928118671652,4.18681124825167,0.02,-0.07923863499482439,0.40624347450528486,0
C047,2014,81.7104771397415,78.22490601339544,3.0690487170552814,-1.4922922285898004,3.865137485594772,-0.7664980804792536,7.292411985579934,1.1049749676256073,0.02,0.024450439448272084,0.34492352091891887,0
C047,2015,81.44658708688814,92.92964150613845,3.4405200779045932,-3.5805593610619786,3.8165340422697134,-3.120299455151261,2.5437996659727906,-0.021864677488858453,0.02,0.5706265328468738,0.13017370928497032,0
C047,2016,75.9095415465343,88.94973096330352,0.3471078113985926,-2.3018608363103668,3.5342197001466324,-0.10705449598203687,-1.61302937016799,2.1923925273284426,0.02,0.9340227839459061,0.395749323006564,1
C047,2017,91.90849096350789,95.97002650838776,1.00920421557181,-3.127479257033925,3.2775032278403633,3.004728305622594,0.33996375965237896,-0.05148270587627568,0.02,0.8181096727361792,0.28408573852662394,0
C047,2018,88.99247891274291,78.88389195539882,4.60108448817453,-3.2282384078711686,2.810092295500368,1.0835717542332701,9.012086701492034,-0.38852575839684234,0.02,0.7826769869404872,0.29023212185388003,1
C047,2019,89.96544169710695,83.68243969620318,1.6688407905795475,1.1473816328158897,2.8973038658272583,-1.475028804289939,3.0556850856076085,-2.0298503942194612,0.02,1.2268131191442109,0.25758686798169117,1
C047,2020,101.09730766532286,91.64203838186637,-2.3590671183820557,0.10977937500848203,2.424313307185268,-5.259121524831486,1.6186764037617754,-3.5400365952885404,0.02,0.534772453297838,0.48174244608895117,0
C047,2021,111.1215686359169,74.5937660725203,3.9537864748779827,-3.4782186141081515,2.6701085408112757,2.6412327201874217,1.8239783269630925,-2.393483322334502,0.02,0.3542993676413315,0.09324710139212077,0
C047,2022,116.64125662996733,79.31402512721931,3.9237839603953057,-4.546602320228191,3.450322997437655,1.0445951657741483,5.225252486435747,-0.22082238156584966,0.02,0.8884321284591405,0.3509804082671758,0
C048,2005,98.76811843135818,39.80894566716201,-3.873572037734114,-10.859049267158724,4.556641720293314,0.012886038498367114,9.214132148628085,1.0511297091181464,0.6455723518377495,0.7415327972341045,0.6798162554246645,0
C048,2006,85.15031458824323,39.470757351708706,-5.373215649723062,-10.937671673762202,6.1144172517600115,4.722633984904202,10.547075189061642,-1.1204697306995475,0.6837126393329698,0.47564798075358133,0.4149216421120802,0
C048,2007,82.57891556660627,39.43211746278782,-6.605689959055265,-11.308732990572103,6.8062004727655365,1.2279419402365046,10.234781477252229,1.3486988856851967,0.5543262987491506,0.954778657239157,0.1960089385539353,0
C048,2008,72.11904420418131,31.203834412623344,-4.05570895809965,-7.082332764052461,6.944454301909226,-0.00993040436964887,10.559021176304075,0.5071223274003024,0.6701500806469991,0.8395906411092174,0.10481347485659089,0
C048,2009,76.05964689597933,31.895150607981712,-4.797835840071405,-2.0876020727729,5.490261182903898,1.5970722362648755,6.94625870076097,-1.0915795771463848,0.7775461404056996,0.3665191390756517,0.06869158616116805,0
C048,2010,84.124936042113,32.92211085510158,-6.874246266906651,-0.5868750306746913,5.432289448463607,-1.1552494559668771,11.763547984184358,-1.131904347389682,0.9598316792185616,0.4392841436167504,0.19912657745075024,0
C048,2011,63.92064259219421,31.952569624704616,-5.311441045627055,-2.702372826845852,6.7303131397431795,5.223608109340814,-0.1162496584939614,0.9544015505356933,0.9479786496600282,-0.1822587765961834,0.09561718904064116,0
C048,2012,51.29696111296242,12.27796939669895,-2.8603979159797697,-1.7753212750665992,7.774407586199414,3.092875359353672,-0.41514469868680437,-0.6733873419489287,0.7904794794057802,0.3150548892591556,0.00942656498309928,0
C048,2013,56.20280070356226,14.760925001757547,-4.789972702241089,-2.3495750587926705,8.275347008093123,-0.3227589364382428,1.628396796658505,-2.6813936392196007,0.6154726220854982,0.03281868603046978,0.024356268106073664,0
C048,2014,54.65963454308534,12.191059454406224,-4.036415679907062,-5.6056454550895864,10.148983407395296,2.222207939886497,3.3293023886611506,0.9305700060567044,0.564668486161769,1.0427850287548597,0.028212208479071986,0
C048,2015,58.33084463538109,22.76048905153894,1.0495775660607771,-8.800102769406024,8.660365334274267,-1.0129003310526628,6.9337357468264464,-1.956259309833086,0.34194654732607765,1.1266028658921055,0.03122155872617882,0
C048,2016,39.862987756627064,22.36975447229795,0.44013824358238063,-9.40658454905938,7.759823044379093,2.3665028245021165,7.975992237282602,-3.3513830406289555,0.18462433015150215,0.3009523957510082,0.0041911415448883165,0
C048,2017,42.85523561695469,23.70696895994343,-0.33788786761680556,-7.512732936104117,6.900169690678435,3.0692259408591296,2.627938256170598,0.10154473655262919,0.0880110550926646,0.32286664366625084,0.045490629808184,0
C048,2018,45.52697151009592,21.55012666758737,-2.6513036871834244,-5.391841655565496,6.41203969799232,2.87711058293044,7.6483775296474406,-0.17575530879162704,0.15984135330213148,0.46329697014850824,0.07014394081674309,0
C048,2019,55.607265729575836,15.678111021124344,-4.349771550874208,-5.1693099099308455,8.42343042589727,-0.600908507616341,9.450929032727185,-1.629144190465033,0.04447430882930781,0.8776144213913357,0.05101255681828862,0
C048,2020,53.80955561222803,21.100847560970177,-8.955654483686764,-4.228385496867284,9.686591302195827,-2.846302753868828,3.848285662584602,-1.552507107679685,0.030857548473651783,0.7372933224584893,0.020149442500676015,0
C048,2021,68.22990923568224,27.44922116785215,-2.5499241100352195,-3.8406468424022826,9.218582966208645,1.019017175527326,1.539044250525452,0.220171715196525,0.06495484993661221,1.470862109635229,0.009197055418177471,0
C048,2022,47.400071128139395,20.609851454272487,-7.2141869990966825,-5.9709839826474775,11.041704289885365,1.8591523523049447,-2.0,2.5776221070203214,0.21492055468894586,1.3361001079270036,0.007508246261501334,0
C049,2005,52.178338234241174,4.243458013628601,3.4754658755325547,13.959455797271104,8.280368726075922,-0.34988015868982014,-2.0,6.190188901045564,0.6986965414875038,-0.7795584037440694,0.01772954107282873,0
C049,2006,65.56238879908886,12.04675014091913,1.8110502693765405,13.190906392105257,9.350958210196906,-2.1857337999046687,0.465038892768014,5.734106383231557,0.5823172413217121,-0.7502498516757885,0.05187274672271754,0
C049,2007,53.8673664762072,7.467342901300036,1.922976353121852,14.0,8.936073376213796,2.2865270047013633,-2.0,7.315086238215443,0.643485496391422,-0.4621885312449632,0.03748054997296983,0
C049,2008,50.06287075823424,3.3661202022571395,0.44333285619333507,14.0,6.781537887728418,1.917583714571316,-1.132791662472001,4.019035747719,0.6674298332622604,-0.2307933150611705,0.009622715164885783,0
C049,2009,45.17637846136958,3.407754704641775,-1.4605799883769843,14.0,5.436268802230983,3.6466381235496863,-0.883251014326548,4.7797881969434535,0.6489227214226263,0.12361087662002274,0.01811774601945376,0
C049,2010,38.758830257007695,0.0,-4.4949049098167855,12.910206165714884,7.087003025122968,2.13033465170198,-2.0,1.4587427800559798,0.7177223830413175,0.27706778106061586,0.006018060608940772,0
C049,2011,34.36021187715422,0.0,-3.620154425922078,11.6845058335721,6.092213847623621,1.7438893829105369,-2.0,2.486429152410218,0.7359438334225789,-0.11553172467993722,0.008212257347981264,0
C049,2012,40.79429259553951,0.0,-2.847539731480301,8.224454581013815,3.4685899669227136,-0.30419940533318424,-2.0,4.419270697279844,0.7561932559151426,0.17547874870656205,0.11098966911408556,0
C049,2013,41.05381772810534,0.0,-1.1766069005262256,10.11991539404741,3.74704105880004,-2.4823778481232606,-1.0652937210337428,1.3790484348769585,0.8543594798147898,-0.7139420265958871,0.05362896808871138,0
C049,2014,35.58959088700422,0.0,-1.5782945215745414,11.730390404628778,3.8628724440527953,2.739917827189572,-0.7997096458329476,2.4132751907372865,0.6764015151579751,-0.8631931336248722,0.025643671714242273,0
C049,2015,28.739325186803555,0.0,1.3265159442724437,14.0,3.1804679577395443,3.679765391432796,1.3532191842803512,1.3843930682609888,0.46180893322612304,-0.8673800683604989,0.012151309934576119,0
C049,2016,18.144507781458977,0.0,-2.7194625149416343,9.050066020962817,3.299677413237959,2.143218890349879,0.885741011266779,2.0094465087681384,0.6463105010870844,-0.9027562069497197,0.03742051599087801,0
C049,2017,25.180190184790074,1.1223780458930932,-4.441316871588949,8.006126706972763,2.834861933032839,2.124907519860958,-2.0,1.1551940205443976,0.5654871924081204,-0.7294075964550375,0.04418509597704422,0
C049,2018,36.51411026961977,13.555794941888259,-2.862855530958383,8.872758176982519,4.2986257360559454,6.239026591245689,-2.0,0.24526485318401092,0.6687445145312966,-1.0632733999641681,0.009305423575962785,0
C049,2019,48.25581380799005,20.275810732807198,-4.36927626349806,12.889026355235272,2.8215930910926224,3.01584324617233,-1.867975564146144,4.815236248812626,0.8079393624452165,-1.0303153298047123,0.22611492385734844,1
C049,2020,46.22622530405338,13.784774921863972,-8.34936292823975,12.986373300422084,3.066783930043052,-4.066803924804323,2.6921949613614684,4.099700201747327,1.0360692717796782,-1.1667289203845255,0.37998461169464565,0
C049,2021,70.825063426768,18.131775090262643,-2.95273425476085,12.92508253891488,6.092899197131547,2.160654225274158,2.492874833846691,6.025369500807022,1.0120087755966136,-1.037655685643423,0.12756823728748667,0
C049,2022,67.80422677441378,9.587078939928343,-3.9425040137913063,14.0,4.132830838083619,6.622772138309562,-2.0,4.471468065359869,1.1025833516541124,-1.6581719029139992,0.12591912398735902,0
C050,2005,42.937671903986086,0.0,-2.0218017488646627,-2.918015472448197,7.222223363059934,2.402704715045145,-1.0276091703596517,3.889321029010852,0.21524786879105817,-1.5329027010155643,0.10840089399159653,0
C050,2006,58.30387983151669,22.48706178186633,-0.16393266982567312,-2.147869561476225,8.24018688136151,3.2990973070421656,-1.2312099927489404,4.170214041772095,0.02463841617083362,-1.7903479610440036,0.036399326570706506,0
C050,2007,56.74083901970045,20.987212421635267,0.2174034531505531,-0.2672017915781666,8.328705934404303,3.7715441405386665,2.6894494895469965,4.706542463280231,0.1126987749958019,-2.232846718014712,0.17322771756519822,0
C050,2008,69.05994343311372,26.8755607112512,-1.9612851825354516,0.8389760026334268,8.05184484156074,4.3309943578983745,5.829794354976087,1.8744411811039283,0.14126544277955266,-1.811244825955006,0.07336667612868158,0
C050,2009,66.88077736332428,31.303513667345655,-0.31102440836661494,-6.204103389742689,6.299469043496424,4.663639519424113,10.695748745591901,1.2618165969472332,0.1138088521483048,-1.9278053427420878,0.13810589258686448,1
C050,2010,69.05688911499736,23.516979271355915,-1.9101435865777296,-6.342414190887757,8.006929533723198,1.9179562464248217,-1.482645638040788,3.419015873452388,0.36256242055767834,-2.3436172635895214,0.1618636910185296,0
C050,2011,55.05520324370281,9.017913196882766,-6.774537666343264,-5.64221115580939,6.79253114542711,2.6462317486207465,6.003389835082758,2.1940481997942447,0.7089340023659197,-1.947786225008404,0.14372251979502187,0
C050,2012,47.570545903720024,9.475395521536193,-7.056949027339184,-6.5424378439618085,7.138138821645583,2.5313740935493936,2.239008950394641,2.940900062107633,0.5733937969750399,-2.0788988539394384,0.0797569729596471,0
C050,2013,55.357992226837865,13.979549981785983,-7.752416705516887,-3.2515357955800526,7.222852420764408,1.4620580633656233,2.877695447693369,1.0924528136825147,0.37225377371873186,-1.609820521397062,0.1911079569150465,1
C050,2014,56.048102722969745,15.823871408560828,-6.14891134983283,-5.194945871387952,6.809280147650307,2.6413961219476025,1.3405590835815346,0.5964446523309621,0.3689737515356877,-1.5624862546935767,0.31689061775277233,1
C050,2015,52.80352856026125,17.709144333415686,-4.172253384579946,-4.154264365486717,7.670558645495444,3.2375638770190682,-0.8223713632443082,3.752744012544828,0.3625921711542716,-1.3783095507063,0.0411194839076583,0
C050,2016,47.12321717768608,24.948054147833155,-4.996463498422922,-4.180703875391901,7.222908793003631,-1.9174692523967725,-1.0377790083336165,4.480149176354239,0.1312866493561927,-1.5779450311552197,0.13920673883884876,0
C050,2017,61.23298393045181,21.045272564529895,-6.65314849917868,-1.991174926425991,7.243854936103955,2.0607189127204757,-2.0,2.9934045025343226,0.07947185205126123,-1.822041125901865,0.22880598544261413,0
C050,2018,70.56394915406499,29.51226371042765,-4.701300069897653,-4.161787239676318,5.958718607695113,6.05343053627638,-2.0,2.5480502415738115,0.11952882639072068,-2.3114562346562963,0.2141020146157835,0
C050,2019,78.51039660524546,47.58904496294703,-7.614853472919556,-2.258461558138629,6.376998721500013,3.4033765549833106,-1.9257742765726915,1.3305390662253305,0.02,-1.8043579996079737,0.39510752666410937,0
C050,2020,67.77874426117668,43.54336692180581,-8.664277267850267,-2.5501258236183233,8.188139658829598,-2.510916992965512,-0.36921957978998643,-0.1574992163547786,0.02,-1.1332259479205944,0.15050434857001915,0
C050,2021,82.53126765940148,45.33474064705899,-4.762892194492408,-1.8039382889558253,8.40208448004868,-1.0547592543361173,-2.0,2.5591530600182417,0.10231595190463944,-0.9196613908845951,0.1518413711652452,0
C050,2022,71.693408149283,47.261726395385864,-2.168045840350772,-1.2426750626786942,9.718760600992336,-3.69549975118079,-2.0,2.0515741517963564,0.08833631456508169,-1.1026315451361774,0.09372362946511012,0
C051,2005,72.11530239766158,5.762739642540112,2.830782817227907,3.924205572501927,5.837565900364095,0.19958659225163178,-2.0,-1.6069711754413993,0.02,-1.385542401679936,0.020084544244827512,0
C051,2006,70.3840952583192,0.26172189309234284,2.0055825442662294,2.7713505788491615,7.225403806952232,4.611119943989525,-0.2312850193478706,-1.520250945059512,0.15996695044682624,-1.727479726923183,0.0442181210058781,0
C051,2007,68.1444387615416,1.8641187659878398,-0.3375262793300944,2.6734861955683886,6.205864838118322,10.321958939123203,0.2841559978820814,-0.10052745757344439,0.09664489580308373,-1.86982148674432,0.06958354826111009,0
C051,2008,73.22093080086039,10.590978436852396,1.5427404223005288,2.0048080559281805,6.079510199239069,11.090476829551672,3.940326876759639,2.9495100834395984,0.12769790830866842,-1.701495293813569,0.19197434615638773,1
C051,2009,74.33158063331686,9.652992618494764,-0.0031697198532274484,0.2932307321716714,4.490076176700887,8.579925497080922,9.03886338940973,2.1398893380082082,0.2770451859131864,-1.487742462928477,0.2781754921410581,0
C051,2010,70.59331345697146,10.073140257410692,1.0010099274383168,-0.2740260689425697,5.094763442714689,5.264197009734295,6.579713326397517,1.5235966533995466,0.3931889008129137,-0.7041529032312756,0.039752662796242226,0
C051,2011,63.94020486161829,18.887699050366933,-3.7752668172771173,-1.3871758496498887,6.602809458896448,3.417403652309691,1.0995343947530616,2.2894899076379973,0.30909854734767317,-0.8795700823024919,0.1407338599951576,0
C051,2012,66.28099910193764,22.60188644755104,-1.579563650567944,-0.6968522757242133,9.459399658289568,4.750161650481616,0.24140537968998266,3.1103211025618562,0.053651132656999695,-1.4209889063264955,0.18690863111109454,0
C051,2013,71.44616309060693,29.925641441392123,-4.048313750093257,-2.7889601904013945,7.960172190727856,4.6162354859866666,-0.0023664422316093114,4.1027501861803595,0.17563421524149261,-1.635312280390571,0.579357250198383,0
C051,2014,68.84234459550301,22.287940744035808,-4.794400594407765,0.15340060687397017,8.375238060928135,6.57089865657737,0.4028924373231715,3.471861223590753,0.19028983656202447,-2.0542095269575364,0.3634681195184591,0
C051,2015,80.12776812480571,36.32543060576266,-4.278527461273865,1.0343318010990084,7.498800452708402,3.949240328905592,1.6030732839452062,2.138503463569264,0.21581832949380741,-1.9266140933887062,0.28033752363974435,0
C051,2016,74.62787446389692,25.277427504876385,-2.2148925873466885,-2.9649591983442893,5.223431319918117,-0.1534571521481145,-0.5754783899865314,2.6546581158298466,0.24544534109754507,-1.7212151959464377,0.32079802707898225,1
C051,2017,75.08196223938323,31.904505076823806,2.079245694336642,-6.4193775581246655,4.891305086457012,2.2137614830039176,-2.0,0.7026920878084293,0.3979175965028138,-1.1692327478599402,0.306833888563788,0
C051,2018,76.05357681077626,32.98215298745775,2.361238502823473,-7.318258196137126,7.034710911842968,2.356698262588311,-2.0,3.1890127098469927,0.6998272510705198,-1.6608501940357803,0.4153524801828328,1
C051,2019,80.15528648436518,38.422222800226976,1.6934372526904176,-5.357460739235844,9.246072697226648,1.0304474669545565,-2.0,-1.3572733196580513,0.4732561657918719,-1.4941999360431455,0.24756711776854914,1
C051,2020,64.05736617655165,26.17599212707001,-4.343500843772255,-7.717621297770024,7.8095084769315495,-7.600114775161151,-2.0,0.7559630135303815,0.5041024414891333,-1.3398222887243527,0.5280194556516173,0
C051,2021,68.68620801995209,24.74188745218743,0.9383567925794469,-6.384344574167351,6.817298165670982,1.62427427811267,-2.0,1.475668561575252,0.5352225839069422,-0.8860040090747917,0.21291170266530476,0
C051,2022,76.21928396918636,23.523348887861722,0.34809978158093224,-4.170505273293317,6.0126659516874765,2.189381483999938,-1.7015915025060295,0.34650777497219987,0.6531318114724589,-0.3632635825899406,0.18991301340968977,0
C052,2005,26.902512274667114,14.944454942611099,-5.223031509394632,-10.288659779101376,3.553242910329357,4.10746873589847,5.405157340131805,-2.731499366927311,0.330449325825797,1.4567820344968057,0.08053314460506637,0
C052,2006,23.500023586817832,12.79073026658713,-0.2739057686595059,-6.821141773311044,2.4974816843938368,5.570933168604823,6.014829690597653,-6.469112085825445,0.3633809291226793,0.5795415518770858,0.008655125973234552,0
C052,2007,25.2658875803585,12.742251362268068,-1.3640544079653305,-2.3481532987854496,2.518960372311027,2.6264793164179983,6.806442961288111,-3.188822736125402,0.58717543053771,0.6134176903823296,0.020325631526692308,1
C052,2008,19.549735226507593,8.276279804430011,-2.892117934261121,-3.2056992120445598,3.821495578526111,-1.7896830522114837,5.50804501888276,-3.6188036761828557,0.3973861071512187,0.9992833352467624,0.06796271473242457,0
C052,2009,26.326900168530013,8.725494353756286,-3.7827356356874384,-2.422230938846778,4.849167291675848,-2.091562559342638,-2.0,-3.8570087367139685,0.6860188790595156,0.765028449966178,0.008344472906382622,0
C052,2010,23.75734352820909,0.7902859957797777,-0.7498936911008385,-3.386668870357388,7.074623724993259,-1.681828378433133,4.484038707103238,0.02415155615217035,0.6669164510451326,1.0705309750466718,0.06620012378342131,0
C052,2011,25.619057514156395,8.13336378445641,-1.5671073937656155,-3.9485725994887524,7.844284982200311,2.5086082775259966,3.174585234138312,0.9079303462971938,0.6785551790032963,1.4044398188555705,0.005118501184471416,0
C052,2012,14.180762811640099,0.0,-0.5025935901481438,-5.864222195048413,8.068022973571788,1.557565140955537,2.602554660128737,-0.12653514304657473,0.8120861430519684,0.9140580038335893,0.008029625542405824,0
C052,2013,24.878000798182505,0.0,0.412980606748246,-6.0746271888812355,9.93627001383897,-3.7571186653203723,-0.9383175677132334,-0.05226288444655136,0.8082482984636343,0.4757862933137258,0.02823346798074569,0
C052,2014,16.720216755255706,0.0,-2.70473320801841,-7.018607309078235,6.02752936899222,-1.2038592571936158,1.6541164473226124,1.5361423561298315,0.8546271230361278,1.0192696533019288,0.061214188624304444,0
C052,2015,8.22475538738573,2.484926261491574,-7.137119098927046,-10.028782121862324,4.533752503012431,-1.1544381944342201,-2.0,1.8695028074971696,0.6970580356477114,1.23445216762661,0.0560248925090889,0
C052,2016,6.492312484354317,0.017764035132779465,-6.01297274465132,-5.341345639462139,5.067614747208173,4.983598621502557,10.343396901100267,1.4076506503754942,0.5666023221379163,1.3594524067238185,0.05472887543159697,0
C052,2017,5.0,0.0,-6.124067757226028,-6.770254730401199,4.460622923378866,4.574559878475609,7.1055831024779135,-1.3345261579200947,0.7135941641281313,1.3321247064308466,0.02862773466209726,0
C052,2018,5.0,1.8204637367023966,-8.875275685902055,-4.2417173673998,2.934909010782942,-0.03411332555951185,1.6693842347344114,-2.8815612471596292,0.6028006005249992,1.8243133838179673,0.028452803733076248,0
C052,2019,5.741545400723342,12.057035891243956,-7.45242180450733,-4.748283680972868,3.208171619250402,-0.3591218732921859,1.7085506313647534,-0.4094280100254817,0.6588908435615808,2.4971687906545466,0.034616039416627,0
C052,2020,6.5446039990660285,5.4084347405382465,-11.348008605507609,-3.249336334559061,4.2668449282517384,-5.373401948524631,0.4624911825364242,1.0599936146514137,0.8833145803882418,1.5315696248409272,0.15467087584414232,0
C052,2021,32.481344871784025,12.98048246997827,-7.721717910751309,-7.4954404097758145,5.099756614516162,3.503188201387427,-2.0,-1.3887377371781382,0.6734268111906813,1.5032475421462395,0.036024893597902514,0
C052,2022,27.33926091455131,13.567135546026915,-9.864554539657675,-3.5886721231588017,4.4957642341890445,6.053695481685274,0.43708269306912984,-0.7693222531213295,0.8155707675679638,1.5576580666213462,0.2064245131325004,0
C053,2005,72.43260959446724,29.904882947255075,3.3817566021899803,-4.8432552509585065,12.062635420667837,0.7497468914871832,2.338922726152015,2.5949788094183597,0.49658684079225995,0.3256428049462918,0.01954511299086348,0
C053,2006,81.452590325731,47.01202905204627,1.9274312617326763,-5.585473960747417,12.250744441106436,1.005014108637454,5.039763077066739,2.783610163601727,0.30799255683582916,-0.27337018432835186,0.04621290800673313,0
C053,2007,73.74694720779858,33.52655449563611,-0.7390773042181358,-8.29584679063142,11.828012239817305,7.1414433580958825,3.989346768742271,-0.06609754785817579,0.4764893577843828,-0.6739466845459491,0.07358815519512196,0
C053,2008,63.21533100730607,26.635730644504754,0.690128510146502,-5.52904464620959,12.195134255695946,3.2906388643795506,2.449255238052408,-4.329511066838015,0.4236645375053338,-0.7862189912073441,0.001611268156534874,0
C053,2009,58.60122086724072,17.946627882285505,-1.178100407079537,-4.289713935741671,12.140177001701975,1.8750636198738635,4.910240636397754,-0.3665980336560084,0.6931390732769542,-0.16382008809500237,0.01635504593633457,0
C053,2010,58.99189050393644,6.444274727633211,-0.27881557724684947,-3.849985367064314,11.707552566765797,1.206105866843283,10.723647310977674,-2.604820158210462,0.7501451009697216,-0.21909104716525196,0.007501637016208993,0
C053,2011,56.4832094305676,8.991776798595083,-1.8668481484724122,-3.4055366000482152,11.63141464183492,0.9938852371873768,11.116876025221236,0.8730518963344314,1.1675816422874905,-0.07460268332090411,0.012108462418467102,0
C053,2012,59.133463458852454,14.57012145118304,0.2521654324163731,-3.622627687730355,9.986776465009955,-2.478931967786532,16.17934453121819,-0.6302858074393705,1.400277736013971,0.14852374167875054,0.035837866202120365,0
C053,2013,53.926531382256265,7.850438740429524,-4.139571672185054,-7.500920852116822,9.255193190931701,0.24906277228141402,14.022113128718217,1.3902601959113587,1.2348944758206406,-0.49792379798574243,0.18450868291063902,0
C053,2014,69.40517548386231,13.685784343051726,-1.9642602548035644,-8.73489607334416,9.542590362588957,5.7598860675612045,7.237653104044746,2.977631732580656,1.2910217073650783,-0.06364045763613357,0.07156397466605739,0
C053,2015,50.65407214486505,5.3108930203141895,-5.04425379771087,-7.220843783260975,9.499372995449853,3.3171689185749074,-0.3205142862509227,5.116933681628881,1.1057815839986902,0.05753611043011722,0.12392816826901411,0
C053,2016,50.68809644355632,11.763255180784707,-3.5590371582791542,-5.5825036469463605,8.989959315938163,0.732707537241537,-1.7906273113407782,1.0988485143472113,0.9488950052950405,0.06280205352675085,0.12387093625679035,0
C053,2017,49.555086551332856,14.28897468481576,-5.153896268458906,0.21145392781771477,7.531241651058906,2.5597155078322475,-2.0,0.20238828697978217,0.7629799171827989,-0.26326162127487995,0.036060811112373706,0
C053,2018,53.20288408987425,21.11309715134212,-5.271144922056719,2.7987661416453724,9.711880422927173,6.404217029302513,5.363868133549859,0.43064030126348585,0.9942781273746235,-0.5811155830674559,0.008368707121424712,0
C053,2019,56.75658526838842,25.229785903755246,-1.525680571138237,0.5111945066370462,9.387305245635309,4.911746836154486,2.923339490606824,3.4295440782768294,0.8440990092385497,-0.05103593805963713,0.02262985640193884,0
C053,2020,48.04848534553329,15.768702867309798,-8.671107312470506,0.051735861549223244,9.348225826481755,2.4612841845174867,5.066433663130677,2.9806644847023476,0.9211901835422012,-0.5185689202895309,0.07541061966383171,0
C053,2021,53.162729020663186,8.151507402382105,-3.5783701540303134,-1.67661905507261,11.86213667709149,4.042644886603019,3.727975544869204,0.6071136231387053,0.6641295926863782,0.5910924779849193,0.005958667047196859,0
C053,2022,56.741452015235474,19.120251629396193,1.0436822369211889,-4.10303579739181,10.104775991243109,1.902197745214447,1.0947996488641665,0.12906810569068894,0.8814440714387192,0.016907369616608214,0.019379099070640123,0
C054,2005,59.68380403202091,51.25216083274498,-5.308682003469599,-8.947277538467254,2.556835415056476,1.0297893561726061,9.650658901385563,-0.26131105839628455,0.5367257871877544,0.43078166535804424,0.8246391589737962,1
C054,2006,49.49470333233555,50.25666026621053,-5.520216277551094,-5.650939646249697,2.180554648641637,3.3640502445062848,12.259414191743206,-1.4180985188190913,0.2579784516258135,1.170507893451054,0.2854800976213441,0
C054,2007,52.710112941627166,47.75972503864691,-6.148039893788976,-5.399230122066995,0.7288116856667646,2.864329015176078,10.724384624880834,-3.969059276803843,0.16861449291199226,0.27115732754986277,0.17921358240110666,1
C054,2008,52.161490702029994,46.95902517856099,-4.722951459541449,-5.456934250017878,0.2,10.00888706990075,15.087105793222378,1.2312478717730353,0.13789283830121812,0.5953036925253707,0.6403646703487635,0
C054,2009,55.4996095131365,41.89539282271272,-8.308900522681794,-4.5643484641052225,0.2,9.979548143336977,13.213493261316703,0.7245197996780911,0.18588136293424518,0.3079454186845926,0.7082992300370945,1
C054,2010,59.272856512157595,42.640844851875464,-10.108294316439375,-4.962611945338098,0.9604830639913544,3.404832838309479,8.957647437677373,0.5848713313019305,0.02,-0.08590055632130666,0.710082563666205,1
C054,2011,55.82274602980976,50.60027071526894,-10.738667748261577,-4.410458501834143,2.409847919591086,-0.5913373827847419,15.2210947631384,0.5860490797933453,0.10242509593661087,0.546140422493117,0.6776391577457392,0
C054,2012,48.37706198606098,50.30099521764283,-7.28215469009192,-3.3290412698090366,3.086312523148856,-0.7876938659823067,12.235116566144582,-1.0018759820309961,0.37015340353482423,0.46040561211540226,0.5168947902135054,1
C054,2013,44.58832103512546,46.957510929788256,-4.585566679865921,-0.8277232816346833,5.137990326752519,1.7539950555285215,13.542622090851236,-0.8136010856093057,0.47705963355052555,-0.14626781704281105,0.15973132888493852,0
C054,2014,58.60113268347069,49.017232392734805,-4.52903762182994,-2.545237766954471,5.02184352737163,-0.289463403023444,11.68959443309923,-2.856904840037847,0.546561366641167,0.18837687923130597,0.06149078406589128,0
C054,2015,42.59812880697028,43.58758535728454,-1.814438404410729,-1.673930381385773,5.116654351170592,5.3827273812571255,6.911490262902956,-1.4521304343751733,0.5915873081424512,0.041094328192157276,0.08570802160888367,0
C054,2016,40.35752873309474,56.36305818187496,-2.453023157396005,-4.3714997717068,6.5225001045543465,7.942906128379168,-0.15865146545287345,0.5659429783480832,0.40380109177721824,-0.007594369059924548,0.09493086104475425,0
C054,2017,40.50755353969727,51.26550773853542,0.0368586534871822,-5.8597282603527825,6.345427718409646,7.887130421030479,5.749549758306223,-3.7940493423820794,0.3413944423449078,-0.182670445417717,0.05206033353390317,0
C054,2018,36.779927009386405,53.195237358840956,-4.14654954851299,-1.9185733992032201,4.926880390390164,5.621958811313227,7.112796035145132,-0.6624048259092128,0.38920621211657824,-0.35645441819113605,0.06691247601498518,0
C054,2019,28.957383214480735,43.09096083168211,-5.399228345798468,-2.2128943298617303,3.545838309874113,5.714715217732427,11.861950532181057,3.178923831202751,0.268171546084546,-0.562308395635823,0.3494368509306853,0
C054,2020,29.861086246511793,49.928882394394755,-11.552029243090615,0.157912701732291,3.3454579590369504,-2.012074351494854,14.497423500622533,1.4941359149683353,0.11093785892140173,-0.8994181903472476,0.6539854016838438,1
C054,2021,51.11155878921431,52.560457527534325,-7.759728622439148,-1.7111411825921303,1.6663415540845612,2.5982402066504795,15.822203430539137,0.1342369786835027,0.1538326489660777,-1.1744575939849953,0.6803161724875174,1
C054,2022,56.05952675454136,55.59941049631836,-6.84034928517337,-3.553711320069918,0.8669780209299349,2.3027080247626115,21.610760014495018,0.02388788137926101,0.2878961194303341,-0.12426108254733936,0.770493328890701,0
C055,2005,47.368366403337646,46.46036253979548,-3.002274942307775,-1.8262281378906773,5.674918233310077,7.637561699040653,2.904247209678066,5.187796698963213,0.5786206727745941,1.4267944506763697,0.16944799711843395,0
C055,2006,39.705954113037606,37.16170564932659,-2.4192276318825816,-0.7340714272839508,3.634409094855454,6.998022941461473,-2.0,5.079309199515613,0.40655498650883615,1.138699353988708,0.2072392680872821,0
C055,2007,47.7756140707217,47.211241424808776,-4.222355570928055,-0.2735321820954205,2.4652475904373667,8.938476668286851,-2.0,4.5292265314005995,0.7187392962460601,1.0745010299139597,0.4314857785955977,0
C055,2008,37.54736844771023,28.72341873798486,-4.022800305570497,-0.3291723137326113,3.4492212940123315,5.974020926631009,2.6695897242031847,1.8182840334856036,0.47526497548216884,1.4776838807060628,0.04984789822942651,0
C055,2009,35.80132436418612,17.295980187933658,-5.439038545062283,2.3413623897115974,0.6489498201340793,6.62008144740134,-1.030397681903696,4.187436896891206,0.48384910419499927,1.990426432968257,0.13252718262393523,0
C055,2010,33.653832457051514,7.390619490093769,-4.716090714897568,1.9134845010810138,0.7505336858593881,9.373150381151204,7.319681371585194,1.7901274880476479,0.5419614279920465,2.3260820377092877,0.0475441818302603,0
C055,2011,33.13395056337584,12.070260373283404,-3.582753212365453,-4.692666066414753,1.0254111965755213,5.1969122801555345,5.499403705667559,-1.5682803996040606,0.5344888170713594,2.5,0.03919632311295232,0
C055,2012,23.851449561358255,15.242276182983908,-0.7170006850942263,-5.156671053724933,0.2,0.7935582038604907,6.360892257226778,2.6625536522212903,0.7014837995441829,2.5,0.0835101181109889,0
C055,2013,21.80172118912369,19.93736994424929,-1.2149531661184452,0.2652376097920994,0.5958465519639844,1.4694114194803944,6.400972227356103,0.3719528963350087,0.44908280565821834,2.198019192653314,0.07266775345366089,0
C055,2014,32.62947633588492,28.308562293431315,2.9255608213594946,-6.651293943879725,2.950540309795196,2.5296960522836187,2.6132043030095495,3.7447758498851353,0.5993895384412855,2.5,0.14450703729785044,0
C055,2015,33.6893946038443,35.46810029493069,0.45132461778240307,-6.493137378096407,0.9436168140448595,1.290630073714478,4.361672580687637,4.7202343190309834,0.7991578243755552,1.6788130715124674,0.4300509499659348,0
C055,2016,42.64806145298799,49.33908561599172,2.483914222374532,-7.436711463377021,2.208926820142482,0.11160021418065602,-2.0,2.5426562757301747,0.6573426001913198,2.0409137560924244,0.2418184255349886,1
C055,2017,31.769936338776596,35.862835217406854,2.2464098097137453,-7.08769387176397,2.389431686427226,-2.2734768630929385,-2.0,1.6075694822927895,0.5630498421288939,2.5,0.15728033471577674,0
C055,2018,32.67648467033434,41.68621708891855,6.363346509226149,-1.9062057033143018,2.751710379711211,-3.834046313225635,2.4697340685468445,-0.1232937478047853,0.8156339754593595,2.5,0.1336181522277448,0
C055,2019,39.001191507835074,46.193846728592675,5.184343914392994,0.06321917328660964,4.315172609358887,-3.467914072488662,5.530843172599005,2.2906854562972,0.8995793503676397,2.5,0.07266183902435998,0
C055,2020,26.64029703819842,37.17493131375543,-0.07287569936032057,-2.2134814978325665,5.1225685254687425,-6.430308132949683,0.5907349719686152,1.6050090100358894,0.6384906595259257,2.5,0.03838357018405313,0
C055,2021,37.32686874362198,37.56990216001681,1.1784688069907407,-3.3041777149855607,4.099680050000933,2.222976876802981,4.8700462360341445,1.929792422681225,0.7436214502140276,2.5,0.0716552794096141,0
C055,2022,52.967982612040174,45.52091288207182,1.4707683028694345,-2.8297859004951857,4.674246636912738,3.795909662092102,5.199415723108543,1.474128329022345,1.059982003188977,2.5,0.25975169521300123,1
C056,2005,75.28632251496506,88.21201242083855,-4.528720305727791,1.899127204986356,6.763100900648088,0.9792597305569928,4.937091794430206,-0.6895464867068666,0.515021911459937,0.791704903417303,0.23439745458572078,0
C056,2006,77.69993098506852,91.21029983927372,-3.1122201772776057,1.8174687556942875,5.67996683941239,0.3967320255604534,3.955491492270598,-2.070748091582366,0.30596672843220085,1.5767631875408439,0.21280934957970252,0
C056,2007,76.04412625176772,80.37541098010263,-0.047111321294302844,-0.41391830828730836,3.792651996519999,5.680207045483284,7.317640078545354,-3.4426687580188453,0.3392536615009929,1.761221302260186,0.014088342868644254,0
C056,2008,68.06862191089145,76.9530413287898,0.6918824575393644,-2.5429988820412714,2.3252875884126762,-0.40280617403134755,3.623037661948687,-2.891861872899046,0.2756433023854473,1.9683811779881897,0.16165314091591093,0
C056,2009,65.23420879492508,79.1723570688748,2.201382167208001,-0.7904221274603445,4.623119290987982,-1.5736229180734767,5.008364505091554,1.3225587662441018,0.3073944161056941,1.477416759751936,0.25312006845431767,0
C056,2010,71.95247334254972,79.8591014766782,1.935639248898858,1.5024100530812743,3.5977591942872515,1.094222892589152,-2.0,-1.1795380730799867,0.0942252922973166,1.0149493776297471,0.07460883132897732,0
C056,2011,71.24770087249641,79.27871827163523,1.4555457224053059,6.043069978746532,3.312885556124888,5.137001869241214,-2.0,-4.216300411809539,0.02,1.4471917989682963,0.010940507469360837,0
C056,2012,74.6182635423722,81.91314241948977,2.3213391851869183,5.70403779630476,4.509163600499948,4.647795977208231,-2.0,-2.710146882997043,0.11956089793551511,1.453883916846005,0.014032987091776743,0
C056,2013,78.25576885203131,87.54817305387937,1.0965891728863397,5.082467335601888,5.03263926162872,5.08342982795552,-0.06996349407753732,-0.20199719927116666,0.19996492402686566,1.3322945261824515,0.04463938870722074,0
C056,2014,68.0998701270249,79.33397109326626,0.6896949280516708,4.103168083926568,5.660219129222984,5.693442269367514,-2.0,1.5181652458648571,0.18729245531262242,1.1489182497769581,0.04000735712556081,0
C056,2015,66.4271476846207,93.88834144510814,-1.0949046097380635,6.191266766187275,5.028452081000253,1.0297482741182273,-0.9327334528717511,1.8097244561286534,0.11268416410820546,1.3583401889151765,0.08539291204851712,0
C056,2016,59.37507594827041,92.03507941800137,0.7890741876768184,0.7454980015150863,5.894687532250039,1.3201728966313513,3.77362010825822,1.654161822003668,0.17134107749229874,1.4582789496826372,0.08704481870431527,0
C056,2017,56.324992338860255,79.80394251593378,1.5144057985620019,-1.1947570393654394,4.9022067510534,1.6081437200334419,0.5749740103325633,-0.07592123514748983,0.3383765768060633,1.6905866796939286,0.13156782230219344,0
C056,2018,63.324423542612806,93.825565328815,-2.2535685808089903,-0.3056801848554459,3.863264389011966,3.880421933410001,0.7270970738836171,1.8456983078798153,0.16682643553583382,1.3509784294981777,0.11256248987275017,1
C056,2019,51.248927280166626,74.83624356444219,-1.294297087319893,0.05102721718630822,2.655744088117014,1.6358278769364158,4.475752312028938,3.296334739244055,0.35548979939715286,0.5087480330831681,0.1609663783525673,1
C056,2020,45.04025620905085,77.85122518324911,-4.585123678069775,-3.4775987724306647,2.175151442236317,-1.9199829278146905,-0.48056714013659896,1.9479270291942794,0.2515199205004678,0.891177970448193,0.6432336539854299,0
C056,2021,49.85172855819492,72.94972901452815,0.8690879978757384,-2.2750852953062504,1.8388206216547844,3.8826427242947457,-2.0,2.0676352822910755,0.24799537337592173,0.5496883673092512,0.19336331822627828,0
C056,2022,48.93441082721618,69.46697291411846,1.219957919573513,-2.847381207409306,0.5383793661467338,3.808692092139937,-1.745020360121714,2.2059065985320903,0.18597571926579193,0.5169195737531659,0.23018399410379672,0
C057,2005,66.4909738693454,43.63439510101266,5.046713473335852,-1.941618571790501,4.082261977267728,1.5936487236197787,16.63468380686303,2.1318692828465795,0.2507761358859253,-1.334421323949288,0.4066377157459167,0
C057,2006,65.53466843145941,42.67856776158032,4.162125265540844,-2.3259370542227056,5.549761300304633,3.390900197759407,17.77768434237616,0.18042823659499896,0.02,-1.0449776528165815,0.1093462491516151,1
C057,2007,70.52995961954804,43.928760984936666,4.749657274969291,-1.1558290019887725,6.147410790894472,0.27313478954515924,22.394806203196342,0.6647678784329233,0.02,-0.7104501015398074,0.2563023597579464,1
C057,2008,74.71386650296382,46.15112542496593,3.711525111933503,2.171479811014607,4.1221985011653945,-0.33821718264777934,18.74106626621268,4.221113157856628,0.02,-0.5889265400310839,0.34099821580088097,0
C057,2009,82.53977215404919,61.88493972785033,-1.8897498190826623,3.637780616056981,3.0120492258082927,1.2382673187587057,11.917008543305474,2.0118402717574657,0.02,-0.6470977023182903,0.5142923122578271,0
C057,2010,74.11499783382243,49.57957474814692,-1.551506051821072,-0.05919412036415439,2.3196336017001307,1.0872627540541768,10.995471112682955,1.0544354565865435,0.02,0.3025911589130179,0.1449227373482412,0
C057,2011,67.57937689720855,41.04529798050099,0.22379746758507912,-0.4176415077474173,1.749489476413851,3.654031172471673,12.07733087245413,0.7368143502244033,0.1387446769191534,0.10859806210319689,0.4801868800944833,1
C057,2012,71.5062573826519,40.351169281911694,0.20815004399805637,3.471640829275874,0.9238446990562215,4.241910312673253,10.237514838077104,3.2883145345159615,0.05922748825807089,0.47484224445260353,0.3484536791032273,1
C057,2013,84.90077550581037,43.27060073755238,0.4825972675604282,-2.3395058953196943,2.1807476175691787,3.8647247506603715,17.86118144995514,1.7575048775912403,0.05264853523826564,-0.04898882070086491,0.656898493015033,1
C057,2014,91.90806593284029,52.06334176155504,-1.9622713267183498,-2.296685033941292,1.0843472596259793,2.6196576557035636,13.391790896743966,1.5242618499936396,0.540267792212503,-0.16488509913742228,0.8401852437813624,0
C057,2015,90.58335332404127,47.03064443433789,-2.2869961027879566,3.6942524154166003,2.472188057928144,4.406446277774435,17.593608365694134,1.8835427930214552,0.520231011534136,-0.29713826918010766,0.6867350357166067,1
C057,2016,83.54812655975545,41.71204283710006,-1.3165536022445883,0.2998991450869166,1.474257320212009,4.961135523557568,21.664014587747417,3.643691875563843,0.5261629955114764,-0.253329749450133,0.7675045692597549,1
C057,2017,78.15893218652218,41.72286738777627,-1.7479340098290932,1.0291546720223548,2.028050337393907,0.23254005209466522,17.72050179824444,4.54085243887537,0.5174377316357424,0.18115730489301993,0.8209356221350894,0
C057,2018,74.75562577719863,42.91649278971442,-3.8767841173521855,0.059651292488904106,1.8700600187244019,3.6688833747743668,15.797844925678188,3.7615822828439827,0.5163293687850417,0.2952088704059739,0.5571142388873831,0
C057,2019,69.83449237832576,34.4273966889127,-3.897871518457717,-0.7289679571304908,2.0242472203635535,2.5889629670761978,21.212008700860885,3.217156091968073,0.5960555262410018,0.513566448766362,0.5028055440893133,1
C057,2020,72.8060449048635,34.089536346581895,-9.294707403085695,-0.681631031116929,0.2,-7.595059954026383,22.696705629999958,3.1755883808140934,0.5752119600526013,0.34220645838434816,0.9589267009421599,1
C057,2021,72.03413056268666,29.50547702430574,-1.9526818278638125,2.8592002098237455,0.2,-5.376966253056118,19.626123437042185,0.04831528090476844,0.6161485466247392,0.9188616962723101,0.5379332007104146,1
C057,2022,77.76034347516004,33.528230261739324,-2.6805261461334826,4.1500935935397205,0.862197348625725,1.9368315855073934,18.612167843059897,-0.3680288215412617,0.886211827558451,0.41785168372159154,0.7107278091563553,0
C058,2005,24.436187865253192,22.570141462388467,-2.7425001182570785,-3.8510481978166604,4.629463436504166,-0.8381850171447565,5.139659850005701,2.812572976804123,0.2297701349865189,-1.401762692718422,0.16448812170088278,1
C058,2006,25.547554365219604,22.42138536222994,0.7637604871001455,2.7842097774468484,5.419378576340661,5.194517027813953,3.2810781545759276,2.1194232327199094,0.11135559055397345,-1.282160845993286,0.02750707924774758,0
C058,2007,27.005028293293773,15.749979742096313,0.3390468996217715,-0.3873844483885365,5.841189659839393,2.6308805014628334,1.405782486161001,1.605146122921002,0.057011884593120316,-0.8116426486590309,0.034860862130680514,0
C058,2008,36.9642961540008,22.643725313681806,0.9798260122715958,-3.0053051891227653,5.696955889230767,-4.501354972121894,3.657939399035749,0.7743076826381254,0.22472638256657773,-0.451695300622965,0.0984220592038362,0
C058,2009,21.22545034163425,17.468394302507953,-2.0859510805250006,-4.618149016999942,8.170673913326642,-7.4341709134410845,2.023922699584171,-5.045861288710099,0.14514441946312265,0.1416395375009732,0.013112183094064783,0
C058,2010,22.747813250966765,10.737499963385094,-1.7945247234126591,-6.1750668570146185,5.507451321150082,-1.2014811006710757,1.0735335780359003,0.08422676296784415,0.23751286948631453,-0.11413957470412447,0.05360268712712161,0
C058,2011,29.614158546667507,18.758687727890088,-2.375042499555735,-3.505513484194039,6.679444946960493,-0.31069889012644514,-0.41825153405881954,-4.386631548491822,0.10861058822459882,-0.14201390093310326,0.004501553306424099,0
C058,2012,25.43064114176566,9.725998436250352,-2.903878668586601,-3.1758261901791345,6.713941423679902,1.4609515250968017,-2.0,-0.21996574775739042,0.1902332090371069,0.01611784553962653,0.004714050405299068,0
C058,2013,22.882677759548056,11.133555057574256,-2.3248390713504117,-1.0382779976135421,7.986332483552227,0.4354677552201076,-2.0,0.21168225434853055,0.6739916343843962,0.08630518653437058,0.011931019522020163,0
C058,2014,29.208101914186127,28.809111662496264,-0.609204688218659,1.1898059083691797,9.178294918531115,4.1154408993755665,-2.0,-2.1262337932306123,0.44883597359531757,0.747407257609157,0.004283387714883562,0
C058,2015,39.40901864087608,30.75346122402705,-3.864546936507574,-1.280060343585249,9.274860946970161,2.711973976338466,-2.0,0.04367360943355747,0.5952748700390853,0.9768013851585754,0.011378117630133383,0
C058,2016,42.82055446436309,25.72958765588623,-2.3580793191085743,1.4561731259743698,8.403594331958166,0.4256493458895032,-2.0,1.2992633720981408,0.4508465544008542,0.936076707851488,0.04492378656322299,0
C058,2017,49.38619825566593,36.33345540428028,-3.701117508755062,-0.5610515208168798,8.960302038915334,1.9164382684960486,0.7523123247573085,1.6483643903724041,0.4670612534788723,0.4327992206643814,0.04297175243643311,0
C058,2018,54.36411916054357,44.28301725981224,-6.140927147587872,2.834582751159712,9.495337837914342,-4.035001922823273,1.693968438916791,0.7579805107317583,0.40706151575661004,0.8057992763692672,0.14002194196492806,0
C058,2019,62.75067390439343,56.720665886010856,-4.428914893490696,1.706833833646006,7.590716062388893,-1.7199821360619727,1.035512408632949,-3.4516834740432905,0.5454211942583647,0.45102658571185406,0.10218601855738539,0
C058,2020,62.9440651914397,55.45710684063857,-9.79496693194032,4.5167992335439315,3.852854312656926,-3.9101145151658008,-2.0,-0.1348489878853627,0.5626938900820821,0.18968873311584705,0.5691370686114876,0
C058,2021,70.9532809836149,55.669822613131785,-6.4317416356909165,5.603516012023076,3.839657780060278,7.866082564135046,0.7346726951844973,-1.04491028265334,0.5154518252398701,0.48432456845081245,0.048805142878649385,0
C058,2022,57.00680716621015,37.041463977365645,-7.567751202727164,4.074100394193791,3.4457538773983996,6.439049727621211,5.74898762571652,-2.1459156796261443,0.6200719140526937,0.02841327802566984,0.10025922413703248,0
C059,2005,59.62375685571314,34.350465803954506,-4.125641068040365,-11.879999594098958,3.266080185301587,4.999232341355127,5.382614036871747,-0.2649655558700728,0.39693886279216134,2.374758423258313,0.20841539669090722,1
C059,2006,60.009217610369184,32.088164800988814,-5.552431314368232,-12.827543340095275,5.469142010055095,5.0565913798510245,5.993990740728392,4.374268845061499,0.24994032426836796,1.5136710347512148,0.4685297815505508,0
C059,2007,61.63917037915614,36.071804063609136,-1.0316881836023155,-9.967420011253132,5.711433279296452,1.3181724680626332,8.453946671171717,3.381916816415344,0.4933711172707129,0.7179192107101877,0.1980766387244898,0
C059,2008,67.88181925000706,47.75897525910882,-2.6426752989686895,-10.373727137124854,5.685492067103885,2.453790671440076,9.91298393198156,1.9551889678131373,0.5640938716928109,0.2604857279980618,0.7577190540125218,1
C059,2009,58.551704354992985,32.50629424010663,-3.555996088441968,-12.290649466853488,3.507600904066404,1.0367516771821268,5.88681980278964,3.322524875115948,0.6620154854637813,0.2654892548372445,0.5377609202712841,0
C059,2010,80.70814137213443,60.62997725951415,-5.267529372613056,-15.391685747278364,4.827590548235587,2.8756400592002054,10.730871384393092,2.4992766259267323,0.43275191737223373,0.8789732810338509,0.5024403743769038,1
C059,2011,85.4668288118428,66.40382101434385,-2.293947238540859,-16.983514720539468,3.6543304177868214,6.147454923293813,7.341735853352144,5.102188747118269,0.48052098970622215,0.6364019443705173,0.853962488396322,1
C059,2012,95.93633382415545,75.13395389409102,-2.97207780552908,-12.119123936140598,2.46657117035061,2.533433677064125,1.05119002923158,2.6031368104627206,0.7705063155724201,0.8629761266361814,0.5950578683453811,1
C059,2013,90.64013046586311,66.32681482120093,-4.6496019787349425,-13.227836050705388,1.4768586160483492,-2.3325518081800998,7.853000097791397,-1.1853076190441756,0.7100301311851841,0.6450740416608084,0.8101117038380984,1
C059,2014,92.67855077623892,69.24348615183911,-3.016315930044249,-16.47212357075954,1.3058181278095558,-1.2402055293195993,5.930786345843352,1.2992488151399608,0.5591120565429659,0.7938636439206207,0.9877764812890147,1
C059,2015,70.06980074263554,53.342279653663994,-5.477350405367828,-16.99343114998682,4.0485941846363795,5.551192552007481,8.492687239689921,4.407347181920863,0.4011238199860022,0.8685160414093513,0.753736958653953,1
C059,2016,58.64435757520961,51.4515804302425,-3.399756943812971,-9.601181073842834,2.35588304597867,8.16761173780032,13.052285917417592,3.5945415045689635,0.37751021390440653,1.4669625514030087,0.30222768624117335,0
C059,2017,60.68169958906604,51.129029475121555,-3.667149950364634,-9.489134005646306,3.1700505437008655,9.731203022827412,12.064552398812157,1.0593129672456403,0.4526988814179206,1.015114983757436,0.32553822194678483,0
C059,2018,67.55864540888328,52.83913896003714,-6.501025743629423,-7.242663831108357,4.7872154587931774,4.411415407621122,14.875400628530647,-3.0593413849546556,0.45333127379305926,1.2771486329510762,0.12574341336538414,0
C059,2019,75.02537585121297,65.88794626482857,-4.118291296582567,-4.7749100953224755,6.2279427638822265,8.15259741044749,17.74065647582111,-1.8683467916755074,0.3981794454749559,1.8528920011572398,0.18420087224516354,0
C059,2020,78.4285431900461,81.65264354572477,-7.038287254799224,-4.796389851414576,7.122879629116582,1.1418770032113246,16.652835163155864,-0.6305288964335904,0.1980403915162277,1.9137197552733545,0.21691952058024572,0
C059,2021,74.20550632880355,63.8029747592412,-5.047814338261649,-7.5698774558036455,4.897434688667927,5.791593211558506,13.945257449453644,0.1196143012006663,0.3362336967015389,1.4739536910465707,0.3855807448790865,1
C059,2022,84.57762985459294,65.30157672130946,-0.356612190627728,-9.800703605671288,3.1114983826994482,7.637273663985425,14.108117849600902,0.965209954685237,0.5402963755964557,1.1142562291523053,0.3597391167167153,1
C060,2005,10.96028856764847,17.505691467169722,-0.2451648752649671,3.816749907604414,0.2,5.7646813581285565,9.471698555778538,-1.86605758834525,0.30124317505590315,1.159594127489898,0.012449329685073764,0
C060,2006,14.310562232755457,19.36652265795572,0.5226847780963713,4.5705766527051335,0.37438811552055973,6.040589917293628,11.757402498854978,-0.5972662125408335,0.28332042694856935,1.028390129451255,0.011769269009920936,1
C060,2007,9.015835121721375,13.40167268975032,-0.9815674452559499,6.99740186757089,0.2,1.6917186455189026,12.106331287178795,0.5860640741571281,0.612132159152911,0.9311898908786483,0.0226875036568268,0
C060,2008,5.0,0.0,-1.6524680715048614,6.634282421998472,0.2,4.410368764963272,8.601313723680713,-2.7597476877374705,0.4073879390878777,0.8988124003518998,0.0036601028410283465,0
C060,2009,5.0,5.649240552792981,1.2224830859406528,9.983436454754955,0.2,6.284564544539654,6.23647156343261,-3.250888916384115,0.4686298005902525,1.682953107529869,0.0009463987243941852,0
C060,2010,5.0,7.2623275207400955,0.047671517258096735,10.86824002655961,0.2,5.598264647612373,11.643608775968794,-4.4245554107733,0.4855648579382277,1.425212366709977,0.001134741861897573,0
C060,2011,5.0,8.369650722435372,-0.9464419429081935,8.366328496146895,0.2,6.404022976877279,11.946927857513211,-2.5492486235837877,0.4291466683158573,0.6748520821261109,0.015433148093538358,0
C060,2012,5.0,10.451405265427102,-4.11360844929444,8.837688060352583,0.2,5.591716348031026,5.800643900180984,-1.6597828708182958,0.4022471979381598,-0.2294940164337974,0.007469196908410305,0
C060,2013,5.0,7.690717534745628,-2.6590719756908596,6.280248890184771,0.2,4.86072234341439,3.3559848687215608,-2.9687675115516807,0.3440670310445446,0.6480687737298503,0.0013193117187693742,0
C060,2014,9.842836888450767,15.070454872139333,-1.5500185991629432,8.614815480117738,0.2,9.309206898556358,6.226483034659701,-1.831927557309953,0.5221854924092019,-0.3044170296207953,0.0034311370100573012,0
C060,2015,13.762744046594188,15.041491806779714,-2.2607285740207326,5.587374928723014,0.9855291102069008,5.2526714242667225,6.089903909290215,-3.2088215896978385,0.5271316569043981,-0.42744050855215865,0.018803093787252055,0
C060,2016,17.241684317106653,11.26014471891362,-3.5656380469388522,7.015388676553319,0.2,4.529718908835628,9.35436419051807,-1.6731584505142274,0.6667015703306141,-0.3340324975192821,0.02242730542760886,0
C060,2017,15.096381821886373,11.903591357710358,-6.4160727718704855,8.451727729624231,0.9487362552248018,2.7545415221115404,8.33512073489677,-2.7660865751290387,0.555627325164384,-0.5850280322454346,0.020090047472951365,0
C060,2018,7.8931162647558955,4.469297078375792,-3.126142487816957,5.205626664794574,2.3433372634278915,2.689268660110438,9.237204658550173,-3.3151210237677526,0.7395863796929587,-1.0659800361065286,0.02473784869826226,0
C060,2019,20.571645041090175,8.743499589663184,-2.6929788565520916,7.90702592597272,3.487444845468008,3.51200288062112,4.543250245907274,-1.7813051968242926,0.672708237720407,-0.8772821815607168,0.005746472207667757,0
C060,2020,9.951586571027818,0.0,-4.422644060736461,6.648550324660728,4.547287882076632,-3.049296926816985,11.709772802285656,-4.630103817846463,0.518981051570813,-1.2497430919413353,0.012795119209861846,0
C060,2021,26.267878704484527,7.091987774475114,-3.2188122369073437,7.74914426233791,5.649456413019364,4.1350494758783825,15.654704178707938,-5.52617389289399,0.28732421801233354,-1.4807444636289224,0.0023429749634146166,0
C060,2022,20.264242848255343,14.70589835361447,-1.4214924855452284,7.159304532218124,4.347534643733962,2.823291127265027,14.873069387347055,-10.147755232477468,0.2935817913901425,-1.1001839311433714,0.0018994278566493651,0
C061,2005,22.852178684299396,31.771050640284017,1.3024280687423282,-6.937991051180026,1.484649897642608,5.609183717422571,12.103585243103954,3.2149561643572637,0.4786648467638095,0.31436932472202006,0.1273155677290804,0
C061,2006,36.37334190690019,25.597295187804853,1.198901241913007,-8.366047396090263,4.781520375466018,6.295686987122028,11.058338364810291,2.6870173788893505,0.678680227211837,0.9360582977558473,0.09952231996772276,0
C061,2007,39.98248035536151,36.311494920066,6.724980848243483,-7.054366540729348,3.0277100906453764,6.660515512280753,10.040615048367972,3.6658689026625053,0.7361787828232398,0.6479592563185219,0.13638973295995158,0
C061,2008,43.135552118370725,23.63964709783254,4.731507122056109,-1.8802535074158717,4.07285833911342,2.905674653993523,16.69446753616895,-0.3845987347751523,0.5862601046530244,0.6118743641346962,0.02796337232046289,0
C061,2009,25.27565552957968,25.27116994290901,4.883619035077727,-2.2771679081448593,1.5917548813126627,2.8111252449238218,13.673346800555452,-1.5570992824914565,0.5040914984317549,0.35592338738693036,0.02118093484455463,0
C061,2010,38.756369868336066,31.86797354549023,4.306604413118469,-2.236087209423901,1.1069423985637303,4.788933123152878,15.58730045334801,-4.147706129964157,0.4658502196795162,0.8512799144176314,0.0573198326723399,0
C061,2011,44.01055727971011,28.192294389970566,2.8109304028937445,-4.41755663327324,1.257629613383022,3.492530878748153,13.906867405414813,-3.565170138475062,0.3860915793885421,1.2543488351902217,0.04571895005543451,0
C061,2012,44.62467187684302,32.340595000245706,0.022398172816228135,-8.070554877551956,3.474073433690698,2.269579255707252,12.724300698588394,-1.893345910957937,0.28244151936887496,0.5554995688346984,0.05271130082700612,0
C061,2013,42.99720844620544,24.972265415169694,0.05159919517166631,-5.967789353108281,5.775597735636029,0.386899718784087,15.530702346073955,1.0255137503739484,0.0610197981187702,-0.25788446354000183,0.055171152391287656,0
C061,2014,48.445874021689846,20.879620713057026,2.211062255027886,-3.819921961057376,5.820441064897115,7.056503583432971,13.61358776337618,-1.7644915917300579,0.2035358772557975,-0.14284883541562202,0.0259336011929341,0
C061,2015,60.61561194439432,21.91313681164021,-0.3009393480452698,-0.21618837137144853,7.309332009752825,7.527240928567172,8.093403790549473,-2.630741865798322,0.19894120437312054,0.18357574265867516,0.006663508177616434,0
C061,2016,60.121937819548265,22.127667717308384,-3.0825833633459236,-1.408981576352754,8.346780334990953,6.82119722635876,7.189117042551313,-0.06361283175779531,0.02,-0.12577994418729777,0.012492649491679853,0
C061,2017,58.03989162223979,26.694242783111616,-2.6765751882256024,-3.8193462528028856,7.498600938153388,5.597043370494792,1.6716609928941102,-0.14858241464292277,0.20765124757495546,-0.1300436181992248,0.02254881785688511,0
C061,2018,64.64034634994023,41.44820044624362,2.6093025198860373,-6.55133138605282,6.587369635423003,6.445242210287905,-0.714846261615599,0.9478875103647507,0.26475428189528866,-0.486067565686549,0.04810068371785457,0
C061,2019,60.80800251770262,45.15186118743333,1.2595454546689957,-7.85735512845147,6.245415645220745,1.0285993848678752,-2.0,0.6976376326146474,0.15640307676782306,-0.8380469869399081,0.08576128182458852,1
C061,2020,66.1963349070286,33.99951734224406,-3.186207337296856,-9.38984573170414,8.178639791089402,-3.9413753535492964,6.893465197803,-0.2763514755313342,0.045211931398887906,-0.6638778325908026,0.2721320436322074,0
C061,2021,85.60032979658958,47.08245635383294,1.681846787561523,-6.990279689530671,5.985907257379124,2.0878251614807968,3.8655160275636806,0.9832196718398909,0.3186087061726578,-0.1433757512800713,0.31391378531203223,0
C061,2022,78.33982171147515,42.39080082819911,2.7022040396029183,-6.198539488253371,6.160994224585655,0.8194775935496903,7.864620740392239,-0.16929484076429424,0.4233700134143231,0.2880589790855652,0.13412179075913397,1
C062,2005,70.0132844749694,59.53040856774959,5.7547521197611395,0.34325447344854565,8.2354704710786,4.564653643431297,2.9550630299649217,-4.071294109942832,0.5548674582377469,-1.5013779519986417,0.01264445489920584,0
C062,2006,69.58074358969401,57.92590063119559,1.1626060820668238,5.1772298640262875,8.209861820452074,0.1785203051573565,9.795289976463323,-2.1012984261536176,0.5205670867524614,-0.8296010351574984,0.05470679284788427,1
C062,2007,67.71741356207423,58.27913406158457,0.38455730120646003,0.3122056236414803,8.750976135807964,0.9339638446515739,2.6645238191774867,-1.1320920727745185,0.7310495776670445,-0.8702808680609666,0.08700192667647369,0
C062,2008,67.36890566837111,57.62912039115575,1.6497610540088041,-0.1475381761560821,9.32695851453717,0.6627130404710462,5.327028023010752,-1.1886825323150767,0.979948255308146,-1.3942461615837742,0.10317482715609264,1
C062,2009,61.16839677182452,49.966884404588065,0.09581222758722996,-0.9966440926192703,9.351567988947751,1.9883505257830398,1.5439530980626288,-2.0278273644937217,0.709986408739661,-1.243406584177094,0.04560722651550212,0
C062,2010,61.627682812186414,37.52992367868625,1.6743416025073454,1.0324632527195519,7.585316434078903,2.7575943526228306,-2.0,-4.725109643512013,0.7121461780913041,-1.4967786885546954,0.01612001701407634,0
C062,2011,63.648672273227135,39.69716254337648,3.3317776498982288,4.9704441255724685,7.475265474999937,2.429419625021479,8.482490733660134,-5.316185330796987,0.4728267131585396,-1.1441078864961922,0.027405759950471946,0
C062,2012,65.25176156651767,41.503186198263236,1.903320524842802,1.9483629188018368,7.477853110976838,-0.18720732794945993,11.968684566987925,-5.790752500919311,0.6610565303694237,-1.2620557702231578,0.014532247522873274,0
C062,2013,72.05447234625483,52.72518079636012,-1.1008236412089873,2.7867567248483267,7.060348863789833,-0.2235691141843008,15.026444172316456,-5.2615091384794255,0.8413557647916837,-1.1619248491345886,0.05448538050796663,0
C062,2014,76.513246945958,45.34525225398268,-2.156877792223611,5.85144642133177,6.770281366489418,1.9121955424369017,20.077275602987534,-3.9976072604297106,0.8628925756817043,-1.363356222421516,0.07151764572101359,0
C062,2015,65.87139070225565,23.65410035013975,-3.12397907698904,7.799946386512977,10.003798792202856,5.091575298709822,17.371460485123766,-4.669031078247446,0.6103193862658407,-1.236084213446879,0.0053557570933708745,0
C062,2016,63.985471930893944,24.97593905976916,-1.5447616471556724,5.8203910962173016,11.231093081024866,3.458307542651057,12.94100679600347,-0.33038012508980596,0.6040147739508986,-1.9508010446242514,0.004996726890421369,0
C062,2017,65.1956008755959,21.870048780866505,-0.6070563826801696,7.16611605178669,9.893301004613864,5.125870917473116,6.374352511440332,2.471609811241929,0.5996497315246937,-1.9134051985252387,0.06182829721837156,0
C062,2018,70.01506171996658,28.338237044269718,-1.4352352527209213,7.530661813260814,9.626821950510795,2.8554579217376825,12.638896111983719,4.785698687655058,0.7794767997008006,-1.6928701997453004,0.06053214200244548,0
C062,2019,59.831047028713854,25.894291872210562,-1.8217858282220187,5.037055081310994,7.849208847625754,3.946681605447121,13.607816077922937,2.6304291158151454,0.7654404258950421,-1.7175524791015944,0.10632027316557321,0
C062,2020,53.427523615005434,33.45026274599332,-3.8374931593173467,8.865420073659088,7.65549233124843,-2.662170472474192,14.22763824568829,1.8884754650820614,0.7019399304758048,-1.4890812664917992,0.05565767441138127,0
C062,2021,55.75823016707251,20.650470587392306,-2.477916662189445,5.774910612419834,7.279116151057629,-2.1219084327947115,3.7151140825470055,0.506729715988709,0.5113790381240924,-1.2877059043882655,0.07583698413399827,0
C062,2022,56.672705314075564,18.21197909655462,-0.7508066568278846,7.48030192946338,6.869796637350735,-0.40416886403634966,-2.0,-1.9946405147951145,0.7398489660259332,-1.3998526198596015,0.010136266262460444,0
C063,2005,63.896882742126195,15.839907376941607,-5.030727326157968,7.752989542470897,7.02704564712319,2.8704519193629556,5.3517277617370675,-0.016077112818086436,0.3743631744191738,-1.0250365609567327,0.030052322858598185,0
C063,2006,69.34923902319882,24.61860719612148,-2.3405447167307067,8.643701142683698,6.6842132027608905,3.9241967599545426,9.876302680686532,-3.093273332607404,0.36553370424278947,-0.9183083653784789,0.008355499542261237,0
C063,2007,85.62704068468004,28.15001089955702,-1.345832135795003,4.907582782937368,3.146491581036567,3.481869788443751,3.5045493314561176,-2.606375093455343,0.5660986725831058,-1.0129191874948094,0.054583458278552766,1
C063,2008,87.10141641497745,31.74775645223153,-3.140458207163425,2.640554592433835,3.414131082040283,5.421596357910402,6.2438774849895,-0.7608560126441153,0.3969438937838232,-0.8288069689913621,0.15276212207413048,1
C063,2009,91.06103584326839,37.167259872049556,0.13641325597676213,0.9340232090228768,2.310912253347511,-3.383288943400057,12.253357065614445,-1.0386255373006446,0.418077436669733,-0.1018940207967014,0.4824793713762569,0
C063,2010,93.30140898901017,36.30207813944078,-1.5932946867502515,-2.3706508852651305,2.4126102811402745,1.0107849595158136,13.669065422241157,-1.4502894325791582,0.29002312864855384,-0.18767462250212447,0.23465048939442013,1
C063,2011,106.72817918384366,46.3912958511462,-3.2333116529238604,-2.9895470450293313,3.6151967628584543,2.5733933809589433,12.9955827079238,1.2545779479257602,0.5246669765480099,-0.40762114538470084,0.4630767028165638,0
C063,2012,97.98314026033127,48.10729936434984,-2.042674170806826,-4.079341435802324,3.1100167428163354,4.46662535836718,3.7828054651253042,0.7071031224319342,0.6869658792193298,-0.04670275174228111,0.4020840029566871,1
C063,2013,77.30702998758572,40.197554349198185,-1.9658970633253143,-4.122007889865611,3.3689073479995484,4.849444846703639,3.2004543524726548,2.2510492226982395,0.5882471858159798,-0.07712969404127804,0.36014344012464705,0
C063,2014,81.36319434412354,52.86439795531634,-1.823740461292393,-3.1112112947135273,5.331703905218308,5.244091651000346,-2.0,7.646405293224327,0.6630749377208326,0.17957736281374692,0.6771337213324695,0
C063,2015,77.03659527331808,46.065650534664535,-3.0147404391691035,-2.5013094788866868,6.095763719430211,2.770404691466936,-1.8725818948400215,7.103421921386391,0.6469141597605921,0.12245733150790815,0.23982028731637903,1
C063,2016,88.58426795688355,62.52782120452915,-1.2742503125385065,-3.9837112161037265,4.535973822222752,4.366500346750966,1.103144984983971,4.796542423211078,0.4660931263672302,-0.555682863207837,0.47062485124624936,0
C063,2017,91.3550656642852,66.7667571456973,2.619404203875762,-0.9006922959492341,3.330932531918764,-1.586734068713163,-2.0,1.7995178381574375,0.3356670245340798,-0.7955032095101635,0.6030789166865412,1
C063,2018,89.80896058386571,68.3672097913373,-0.7523875080204601,-0.8330867047320947,2.6100969616969305,-1.7652721859378375,-1.2284937894787733,2.4925914833527125,0.2591798460052547,-0.06255712655814194,0.804884993035281,0
C063,2019,85.73127905473352,65.0772122675683,-3.3751503412169224,0.5569183630042852,4.6837502477419335,1.5886155248836151,-2.0,0.032527671557114335,0.21933851807440913,-0.43973690332109266,0.11256101264714871,0
C063,2020,88.91325492995824,59.02088839146896,-9.838041497426257,-1.7125852177311498,3.1682964081666283,-3.850272319508057,0.9408863534660692,2.4008035136290093,0.564354523422271,-0.6068444909646761,0.7407666397353292,0
C063,2021,104.51880336152617,58.72678971627985,-2.1661335653758576,0.9801363597290251,4.590259431711202,5.826732911371561,5.544940170453518,0.43015165903771724,0.6617228585663659,-0.09621132860083415,0.30716049181633476,0
C063,2022,90.12798498362214,45.02938292959627,-3.7123036067389497,2.04057357492593,4.626538867617426,1.492935361847218,-1.4333635817040502,2.8096001918296496,0.4574538806635945,-0.5862299582796027,0.23736020467880192,1
C064,2005,44.17247145439497,52.1841738444905,-4.806519163776805,-0.0973044874168954,3.2782059572381903,1.1700457507789208,11.741656111186131,2.4255537881547276,0.5333357753974233,-0.08322430899318689,0.2467783500211975,0
C064,2006,30.73423537503052,41.925114705454234,-2.0921365590911423,-1.6594836540814537,1.8980919510931409,-0.6695307257132712,9.358815705209297,-0.43221744628569003,0.586615298829754,-0.4604652970746783,0.2596522164507303,0
C064,2007,47.07008135305672,58.26879849429392,-3.36102820701675,0.0741167295172307,3.62695805139635,2.2598409838865265,5.088992308502501,0.04722359600178547,0.6363880359203872,-0.6084529658562552,0.04762109422165275,0
C064,2008,62.10858210629671,69.79873177242013,-1.5053795959476441,-1.2162675729165122,2.6717364019113896,-1.9078126522453864,12.076165250501457,0.7345780523343698,0.6566644753475437,-0.9724601650198077,0.6808414999563759,1
C064,2009,60.72721683043548,55.94019657097339,-3.6010599338854243,-2.484509905194219,1.6217826459571905,-0.7976569428304903,11.99617747813638,3.0653639353708018,0.3249081087368883,-1.4040673760080216,0.5605705513766924,1
C064,2010,61.27367165204772,59.41560999438448,-4.388304085645712,2.3426672158277633,4.016595226219617,2.6826360931763125,12.002082971233676,0.9120183100338968,0.4782872183036645,-0.8828965275334537,0.23099262552959124,0
C064,2011,61.527660520046425,52.432297817507646,1.2909082556082145,3.7399253863892374,4.036093038309577,0.6255912089550604,14.528262032593837,-1.3994808298830983,0.4245185526971642,-0.21775383313828978,0.14043349193905144,0
C064,2012,66.13613682840239,58.59112110812381,2.8245953471237693,0.9867361535435188,2.6977793873049083,3.6280678518871765,9.618478453911457,0.32993804087182066,0.295987945233485,0.606815283853521,0.08321792630364229,0
C064,2013,60.10087886097999,60.102929371257176,3.8567273754050935,-0.723264950338371,2.280808790419787,6.780986642895526,14.862192747233157,-4.090659595800467,0.20164592006744922,0.2069053737536588,0.019064362377663943,0
C064,2014,63.82934500538089,57.911582769428676,1.5497256095148355,1.9011400866467238,2.9277719000320466,7.94969732997234,13.852356632733159,-2.5041434200077997,0.02,0.4114085473261665,0.03451661135579973,0
C064,2015,58.60390537169241,58.35964186473703,1.1962109128780098,1.6550549089502855,3.271921847697227,3.745379120514971,8.830955313335625,0.6413541940419376,0.03416330517666069,0.38114696561259814,0.046646503525149534,1
C064,2016,54.92636243334253,54.696998724559506,2.0583867501255533,6.313881730646413,2.844355633946205,7.250043283453902,11.233478097879058,0.8518062382871743,0.02,0.22487780820626735,0.035853440363153945,0
C064,2017,48.65466442624758,56.808672744954066,0.7118294571265631,7.629399656914243,2.324610310141748,3.9138082329423556,14.601817137179651,-0.6903181293095358,0.02,0.12462541720833425,0.02765325425294249,0
C064,2018,44.872692810667694,55.28803630317966,-4.907499045119725,6.0864874792245285,1.4211194740899755,5.208941781687164,10.037437601020393,1.8143535077741832,0.02,-0.12151822458747863,0.17143078642987064,0
C064,2019,48.250661409895244,60.72604017107365,-6.28242750808932,8.581666583867841,1.378195351277419,3.7858395487412255,10.881257932969092,-0.6003743729726478,0.02,-0.16426276710989995,0.03467072889520221,0
C064,2020,50.40682249516092,61.80887716832464,-9.022279082573544,5.170786693857306,1.2795312344446201,-3.8546694830248676,18.06724129321156,2.198886118058911,0.02,0.07323315556990234,0.363570197224897,0
C064,2021,57.84706871078777,55.319109386665545,-2.955041325434681,3.798125073888021,1.6469497522661218,1.3638151296004812,12.142860763806482,1.6537922395163334,0.02,0.10737341568620423,0.08511342007626876,0
C064,2022,62.032760602563044,65.55864774780663,-0.6838703189934505,4.19165104344483,2.801087468182197,3.1959630455235866,9.806611091729241,0.3606999242266836,0.054097211749739166,0.34946693158804254,0.07298058854430445,0
C065,2005,54.173215712662596,41.82556788595912,-9.366630396407434,1.0152173929825565,0.6965008166026303,4.01513430116095,-2.0,0.43540523585214147,0.1844611911141077,-2.11771521939684,0.4649398511604061,0
C065,2006,55.61901259556865,29.975498421900056,-10.720646054031139,1.2294110300759646,2.108044084334232,3.6373846962278615,-2.0,-4.392346737939519,0.15268170542570952,-2.3751246619299344,0.11809395372512033,0
C065,2007,60.32983428800483,27.151498542426207,-9.296440472663788,0.22141469994542126,0.2,0.2539090831104627,-2.0,-3.892735403426069,0.2122120957066138,-2.5,0.698650951117206,0
C065,2008,45.35400991557782,16.173067429533486,-8.041754445374815,3.3454940936784574,0.2,-0.26451969896970606,-2.0,-3.349603204160686,0.22630842986013106,-2.5,0.1686854271141898,0
C065,2009,49.61583740405437,20.8966358679042,-6.023712048632651,0.16190275588771796,0.2,3.6090721798304033,2.9581828242662818,-1.7784453275818468,0.13450980547767744,-2.5,0.20369536305722752,1
C065,2010,50.562596615174414,15.261231461623405,-11.877772476569472,-2.144710843383712,0.7867655304534682,5.299699506764467,-2.0,-1.4866572499850197,0.13493302210663746,-2.5,0.4754979208705113,0
C065,2011,50.34232038233702,7.073732227748248,-10.158467444937019,-4.089768629667667,0.5524611223929459,5.8331411426798425,-2.0,-2.8057988818273905,0.02,-2.5,0.5682558288271127,0
C065,2012,48.36797549106906,13.384884271245834,-9.69655594768538,-4.301501162935517,0.2,8.492698527627706,-2.0,-2.6768510742270366,0.02,-2.5,0.2642760750574756,0
C065,2013,44.637689142677665,20.532108182920872,-5.940293857721807,-3.9521852663634442,0.2,7.482643780191396,-2.0,-2.7077136396314048,0.07083735877208934,-2.5,0.2204634690834156,0
C065,2014,33.42503894165236,7.652346331088573,-9.011232711158527,-7.5057247654123564,0.2,4.047957162300074,-1.3555961932155842,-3.074644252330028,0.3357751543927539,-2.5,0.542435615778441,0
C065,2015,30.310843701194145,3.7537327793596553,-9.213801231983535,-8.777275383747044,0.7268760185507537,6.990884806607002,0.11125247860064447,-2.9238089023341214,0.3925932241480191,-2.4050785591795263,0.37753559754606947,1
C065,2016,50.690259982491696,0.9419163215382547,-10.763072415903956,-8.287808060017165,0.7585026767401771,6.423069518977741,2.5335710255602195,-0.03471045381189919,0.39393676946253775,-2.300771170591768,0.6739865636248664,0
C065,2017,44.694282485094156,17.463896400266094,-14.698809850336293,-7.105938928755465,0.8964630960139617,7.352999018786103,4.752644334414548,-2.0716943498735776,0.5406491273956183,-2.4758789091772324,0.5252525922982427,0
C065,2018,40.72887218204947,11.970415223582503,-13.503262170451071,-3.9236619362449336,0.2,5.7777895806493635,-2.0,-3.5487094400590427,0.47564552608149196,-2.5,0.45410313026901783,0
C065,2019,44.52109577925535,21.277035880326267,-13.35647110537424,-1.2015436775908324,0.2,3.0446452260902994,-2.0,1.2805104046206668,0.5112119491570359,-2.4866708652701424,0.5543630593890367,0
C065,2020,36.515188890629425,12.954244105501068,-15.286993521505584,-0.40614374001604014,0.2,-1.0598186775858283,-2.0,4.2989337130968375,0.30313634754966795,-2.291636205019598,0.819351193272061,1
C065,2021,45.22903216921711,10.280570958358517,-10.619788093905694,-4.521794236592528,0.2,7.003799572805875,-2.0,3.634566719877844,0.26584535617910665,-1.955480948003832,0.8445779547501939,1
C065,2022,56.54736083841207,21.547586934107052,-11.632647133075979,-3.661726216201712,0.2,5.792293482497144,-2.0,1.392191678698608,0.02,-1.654342414898561,0.811970585955574,1
C066,2005,52.97129766463789,37.50210360996945,-11.954971825485913,-3.1782391962722176,3.1081627358554846,6.06777388333734,16.06517788934513,3.599764171493674,0.02,0.6400812108855621,0.2635698564423832,0
C066,2006,45.79097277741353,40.27278850283621,-10.492437412695507,-2.1331677190623277,2.843555500022112,9.743133503925659,1.891957188027531,5.602322954573039,0.031444300416286514,0.35859827603024413,0.21523545597116633,0
C066,2007,39.957719663366305,32.827961908269074,-7.7196870403365265,-8.381186550820118,4.1779340397787665,9.571833668592639,8.696607650145946,3.2443276519026965,0.16674125934458428,0.8955227624802253,0.14088714431297727,0
C066,2008,36.0569443660233,34.72448709602751,-9.911438409421072,-13.663628118178831,5.523760151608576,5.682093093379924,7.582078644055544,2.123299834931817,0.35793248099186736,0.938566484459098,0.25632477443678087,0
C066,2009,45.730074962732054,30.051245527971638,-11.638498197363326,-14.219503313900134,6.379630934559472,5.28005796171533,6.520489990712397,3.7947715370318633,0.262487668661678,0.6496289961461124,0.24824170504547516,0
C066,2010,39.774039315441314,33.48019234309279,-11.470529958709278,-11.18095480716138,4.281412267190445,3.3409605923237384,-1.712649489077653,-1.8741736166848413,0.3367578267950806,1.133493697897782,0.11951687659442983,1
C066,2011,34.61724919184326,34.1935129852185,-9.35569379685672,-10.240095394006856,4.387946584996946,3.599632484779402,2.705645360890161,-2.6973837790370894,0.5179161908321421,0.4160402506931875,0.3014540855470862,0
C066,2012,32.65860738762001,37.59778390248172,-6.534039762548707,-6.9259766929173985,3.063159041426954,1.4447099080550094,2.69772272142243,-2.394447722655813,0.39965346812056246,0.2515105510526928,0.16514445879858516,0
C066,2013,15.919996222060657,47.38450868249819,-4.985566554320318,-6.732544773471886,5.370631558433429,3.171922338781056,0.2844625550707951,-1.9059362878898733,0.4777869390473619,0.6452698002314505,0.039563569156401066,0
C066,2014,19.71689392767673,44.11176901105125,-5.77070135382893,-3.883767755394917,6.392357454149938,-0.5535250436362822,5.244696785764733,-3.178835922420618,0.4122522472479612,0.8032028772854884,0.01453908025263534,0
C066,2015,19.91815177974019,52.73095990051825,-6.190849728067635,-1.1799951188405786,5.5689334683706795,2.125075242241676,5.004314903745165,-6.148317385827915,0.21237516643932608,0.560065144206709,0.004051605735460673,0
C066,2016,20.89040221223344,51.29781558345938,-7.950261617719918,3.92446940396926,6.19580564812435,6.491702125025657,2.6864572496763897,-4.952061725535666,0.1487187526913909,0.4030855663110838,0.002627644563068802,0
C066,2017,32.2014999490085,48.25681067838424,-7.657673723863129,10.709551214811405,5.138731574229783,-2.6988408416318412,0.3380541593789661,-6.058470991027299,0.11581002159561081,0.4092236326109948,0.0033385457027498605,0
C066,2018,29.495644485961993,43.7200376600544,-7.879504416791044,10.180284026704923,4.644349533617534,0.8628779781901272,4.570218256003052,-4.202947651587359,0.14745653035788978,0.6498984324686021,0.013539228389763616,1
C066,2019,40.17376243251672,44.95095966840849,-9.64842158469375,4.930735819023866,2.6890809154050954,5.868504100590648,9.250955273378292,0.805034209698209,0.3562524509535327,0.407227200117725,0.20687397875625307,1
C066,2020,38.40829811751042,43.2985211359643,-9.720929820941933,-0.7189070936174877,1.9021811023777446,1.6129936601554782,6.493652435694135,0.7474184825984215,0.17563725633131344,0.6786403359454956,0.19451619727236633,0
C066,2021,52.112435202523116,37.50303729777272,-4.774256524465611,0.3083147711268639,0.837385155019293,3.5507701941471828,5.764748757219889,-1.150242982251144,0.16495085900959242,0.8455536211071453,0.17599190319155464,0
C066,2022,54.605906863318495,40.61396418406406,-4.527043529203465,-0.4141283273074281,1.1359421230298763,1.2588863596667819,8.154487649924333,-0.8640322885240226,0.16581708052036434,0.9722958508774502,0.44408582418997516,1
C067,2005,59.914538783478385,11.197787868147946,3.524235570503499,-1.9336590967399516,5.228181853184225,4.76904920406972,4.734908069918407,-2.7599087934766144,0.3644402461226184,0.7553397323669779,0.008126247570270704,0
C067,2006,48.84308163065107,9.320325061024,-0.6946535586495921,-3.3693795525182497,4.527782913393305,3.1020180031097433,5.6620831392680735,1.5208063746512754,0.45960397263485003,1.1374044202889482,0.023798308556319096,0
C067,2007,39.71359898170404,7.50125269844411,-0.6612225146500494,-0.29526356711773927,3.6525213094959668,1.9450429578486563,9.037795788555531,6.375587869754003,0.6040450387733695,1.109296745318225,0.14243175438317265,0
C067,2008,44.86132684275141,14.332438470215681,1.9874688190227974,-3.225334929237715,2.186960052682057,0.2983896081837676,5.033754133231829,1.0667001706902393,0.6535156014163019,0.6678758523659979,0.12992470704712517,0
C067,2009,55.27506963734566,17.59431590978791,3.7060950899830796,-6.763829755106308,3.517152886883833,3.6888770847715833,4.99817669163196,2.045256908552128,0.6918213042901797,0.8763524357739441,0.015029069169899725,0
C067,2010,57.60654097988459,9.246483617752393,1.8247812635634633,-3.94309346484387,3.4125084304933373,6.976871224574668,11.205801236790752,1.5682019005296426,0.49995064553408963,0.5536587669653185,0.09935904213579493,0
C067,2011,48.22956134240532,0.0,2.496354457893255,-4.326348014743658,4.770203868064305,0.7241818214366296,8.634423246991702,1.6490434185425866,0.4502995386656715,0.8496622824446747,0.019001355693472728,0
C067,2012,58.5807500778148,0.0,4.099779942254413,-1.0312510580905085,5.01813133223849,4.466771531755418,13.89956636689568,1.155474573036397,0.4966525819856961,-0.046062548271609605,0.015789456435344764,0
C067,2013,49.64477645136543,0.0,0.7986338124029162,-4.06972281350654,3.93528826059817,-0.04882355186590681,11.890167689178968,4.474563295091451,0.6183745497639815,-0.04742527099203211,0.12265551236115772,0
C067,2014,44.79923268706696,0.0,3.336584625411337,-5.689121726232016,5.445253913740295,4.234683425487193,14.767317249689361,6.688127594757107,0.8075433113458084,-0.003875969363026713,0.12680051012534987,0
C067,2015,56.00221084544825,0.0,3.7727797509293124,-6.045614605233057,5.586971888184169,-0.09161283284543087,13.363546416177071,3.478320975965857,0.7734897510598258,-0.1738965589380859,0.04831019676615351,0
C067,2016,44.86532167788475,0.0,3.827984601645142,-2.074597707509216,3.5431494542814024,-0.4691502889217718,12.300312683672363,0.13708492285338902,0.562230876106591,-0.06257547656443324,0.028220157935642788,0
C067,2017,41.62641300428931,0.0,8.0,0.2886498593067075,3.9567057856765313,-1.591834066580132,10.023566172052478,1.0853264492371386,0.7181779149359928,0.33657487852757995,0.024192430952861402,1
C067,2018,46.20380373906415,0.0,5.088065500749811,2.8400628372626855,4.486179379301915,-2.5468181252414333,11.043330444820496,3.437644503769812,0.6726229708191607,0.5021872005319189,0.040620200477528304,0
C067,2019,43.23171512831167,4.786932132855981,4.77480967332793,1.0557150954427637,3.8983353522732056,-2.967751280763588,11.126926288991385,2.642404674181794,0.7237969589898381,0.5140920846764088,0.056503475345702804,0
C067,2020,46.25802020434014,0.0,0.04806473361469443,3.32103682688251,6.057860446929513,-9.926540922123122,14.751620628400183,3.5806897826630086,0.8003287970722006,-0.10450934013401125,0.10368549574140835,0
C067,2021,58.39913540476906,0.0,3.2939541862171677,2.594984991793951,5.716336297815863,0.4039279065575385,18.78958051093479,2.279489602860215,0.8045632696094798,-0.3827205208375144,0.07380632657941912,1
C067,2022,45.83417518188554,0.0,-0.6967843650927241,-0.22549072921878932,4.482420103581609,2.5851323586481127,16.86140658781773,0.7635234158080573,0.6472089308625664,-0.2800981641003139,0.0809809597464094,0
C068,2005,109.81662543810955,29.975785237847212,-4.113699546049723,-1.6347853505094643,0.41201755900721904,5.40209765927732,7.3378813197463995,-4.523343225192932,0.6831373262611489,1.7990807743010944,0.25690528897298986,0
C068,2006,99.33251046901208,22.25626755735906,-6.408768760012011,0.22918958384321897,2.082445301083097,4.483556615917329,2.592382810208103,-2.298301089538624,0.6486401759078047,2.363539094937675,0.20649526582636377,0
C068,2007,106.13253552856156,22.453540029430666,-2.1066348909894774,0.22875102498694788,3.2330602060805216,7.166789050967781,4.468203396024868,-1.2521838250944597,0.49141446980628306,1.649137953038761,0.1457344687177721,0
C068,2008,90.49761063206981,21.59527886442683,2.027537385268676,6.455517464875656,4.22912351797053,6.572356893801657,5.222002672405674,-0.044096417496034435,0.412179284215463,1.620851176197278,0.12115394653906782,0
C068,2009,88.29293902048312,11.661122730732913,-0.11087089943763095,4.413827208433094,5.942144973623148,6.454901417186493,13.333297467289492,-0.7205687662250085,0.6954629611731638,0.9314609769790062,0.06628612627208381,0
C068,2010,80.17001585941117,9.176625733733399,-2.931955931157004,0.8797340957390789,4.099467542344604,5.719721009906484,11.397132784128749,1.3797292510492207,0.613363265478132,0.9758262751017177,0.1083427235260744,0
C068,2011,69.77641304380289,9.001418625412782,0.7002327999642284,3.5024393238847584,2.9637376460170994,6.038410283525072,12.302464600468204,1.971818456435685,0.6246237362011129,0.4809043055540787,0.05325999236106011,0
C068,2012,62.02186167726106,0.0,-0.7597158710068552,3.258995414951179,3.9025755935830215,5.4513629582527345,9.627682946857194,5.188821838266351,0.7489940196626133,0.8758317155064899,0.09671002081096407,0
C068,2013,56.02689100053662,0.0,-0.4218964813725502,1.5264684393160548,2.4727313076441226,6.980312130458724,13.95984158179826,1.0472884293830527,0.6858998092479939,1.4356155809039146,0.03924709457491174,0
C068,2014,47.77009352256579,0.0,-0.6710966312307085,-3.024765903459027,3.2573429264869054,7.8925527899374925,11.895052885480801,2.1869224872697695,0.3274328906122008,1.5388816795645974,0.0566438349828872,0
C068,2015,64.79680021865983,5.093521956720643,-1.6108010528619952,-3.326572674556045,2.2654599286309107,4.880520013156808,9.477175576641033,2.357913861198525,0.552948452097131,1.003826808912545,0.11822008230340823,1
C068,2016,66.25325743347565,7.707924952047474,-2.1749458748533383,-7.121745831972716,0.31527321882639225,7.965628674588519,17.18721704605175,2.3652816327261377,0.7247432705472019,0.7846589021140951,0.618805505395628,0
C068,2017,55.898909927841785,10.62740683027041,-0.737694674244594,-5.200266624098615,0.2,10.506193431147382,11.56070503713982,1.818497434743467,0.5697347775810324,0.21682806942863397,0.09348829590362792,0
C068,2018,50.19871351513105,12.79963898328676,-0.9396205740097101,-9.078476211671795,0.2,5.75704882449419,11.256196089048307,-0.608942979913448,0.3957350932732222,0.5662505183552288,0.07379124558711389,1
C068,2019,55.32845793940068,16.442933324297556,0.8441419147544122,-9.77880575768909,0.2,8.18884228114121,10.870701512901162,0.034617025639343324,0.6694774844639619,0.767344054257165,0.1788891398804313,0
C068,2020,61.99249655310627,17.22024135224118,-2.168038139090756,-6.607557389126444,0.2,3.640476095936874,9.055915998933159,-2.8451551995626474,0.6131227781769033,1.0359203262741195,0.09971837539457519,1
C068,2021,84.68948670854617,33.7392643093757,-0.518197771450731,-6.115048478443967,0.2,6.021014091545171,4.1485717171616185,-1.0652574688122325,0.6428689340926559,0.9800214041141462,0.14857637347119024,1
C068,2022,83.42261329741942,35.103271719929126,-5.263979533096798,-4.481402995869496,0.2,3.8128894263299644,7.960656937890805,-1.5618012091916786,0.5653720241381135,0.9421003393455796,0.327207224716496,0
C069,2005,103.2408292407364,44.9669155325468,-1.782555621570538,-9.04010601532917,4.090980007168387,3.8668125978681216,0.837668094968163,-0.2585798376226802,0.5127308568420689,-1.0920758071791041,0.5199594305794608,0
C069,2006,95.3743382390939,41.64314917430969,-0.257659803548973,-6.747675229064088,5.766910424565777,6.700828404378542,3.2744238070758014,-0.6753590676483121,0.9235065521126834,-0.9279225506082565,0.16330485204210296,0
C069,2007,92.97757007628296,47.457788824492525,-0.7190600117749328,-7.813842732302714,9.567169631538821,6.926940675961107,-2.0,-0.3475705634751265,0.9469510050631479,-0.6714235805046398,0.057412937393390436,0
C069,2008,100.33926649721965,47.7846952307017,0.44829533583953607,-5.282880564913579,8.887929049000654,2.3297913573600217,-2.0,-0.6832549545716256,0.8659273762476357,-0.6000741154493126,0.11458262071656469,1
C069,2009,106.00472972002223,52.97435534706294,-2.705015640182296,-6.099249896151157,7.70734705041491,2.552628389976462,-2.0,-1.9497088455154605,0.8768799748241087,-0.32774707930619684,0.30852272139697107,1
C069,2010,105.70558104340563,48.792301573777756,-2.7004976165645798,-6.640501732802662,8.643939046090932,4.070672260044015,-2.0,1.051842048961515,0.9644501063259896,0.17286833610665575,0.41207980240851383,1
C069,2011,93.24063361893025,42.44177637252622,-1.4531523789600878,-10.297971123365748,8.148337142927602,3.165857081997202,-0.41828651850713205,2.1855997584144644,0.9961244963571312,0.05687534959890088,0.3076751117331648,0
C069,2012,70.06498259842598,46.23938023273453,-0.9101747885451648,-9.757931188671638,7.223970735729789,5.06485779314389,1.3396768795230196,-2.8277301168987097,0.774647422892676,-0.18655570645942932,0.06694483026402816,0
C069,2013,66.559744064822,40.428222924337504,0.005381363397866545,-7.441246010576204,8.954571307640546,4.321870602954193,6.382488015853467,-1.3272263253639975,0.7419484128233335,-1.0441122195943786,0.050944160558129066,0
C069,2014,78.17846377677935,41.614355260498904,-3.6673339287735716,-9.100857407506764,10.203720722265823,3.495814087112085,6.9649927710785615,1.0472270630267484,0.7303959597570301,-0.7358237687944804,0.2047889584926685,0
C069,2015,72.8039626447434,41.85878202912978,-4.303005460240906,-6.269513829786531,10.081683426334411,-2.746019535811956,1.569050736698598,-0.2100440436372891,0.9942936965686516,-0.3990473932200441,0.17134763992632188,1
C069,2016,62.158457545541154,38.13478429559149,-7.969558594456113,-7.06382016910286,10.084157167291831,1.4014550540503385,3.904163383534162,-1.2919183874061289,1.0318003383808803,-0.7398008826825029,0.20729600541935553,0
C069,2017,64.50390482635538,43.94105250682322,-8.586589119631657,-8.203198084529788,7.59386148270916,4.970095740928443,1.072555330887174,0.8333109336599009,0.8089426701642929,-0.5517998596353753,0.07554366217114215,1
C069,2018,66.56537384991175,32.89893291421375,-6.656156753330109,-6.404326821744284,7.348349726329215,6.312167754389366,0.9876936980628201,1.6114376961212833,0.9253038285854022,-0.8505493059016738,0.1621251296874524,0
C069,2019,57.23118044317398,35.11969093814464,-7.7943604022776505,-6.215414865443383,6.471584339863841,5.659210439772936,4.51078323595442,-1.5800131187828128,0.7327676810395942,-1.178249534757242,0.1543948972401449,0
C069,2020,55.48099928911653,37.66660122349907,-10.127577366318265,-3.264100675459379,7.0024244611237405,0.8572245395094438,9.846245620501339,-0.974282890681462,0.5501321165823663,-0.6795912112990049,0.1863945908091697,1
C069,2021,58.9438095011552,28.20744955579243,-8.220592883443876,-3.1510912997787583,7.1371953890077915,6.869564412173451,17.886777210650855,-2.845108523251806,0.6972118740155379,-1.0981386244074693,0.04989412270646276,0
C069,2022,64.72206967971486,26.767572699481843,-6.534217446675611,-3.77029583339508,7.559349986936709,7.395041854139389,9.447426763114564,-2.428805378320831,1.0946679568293138,-0.9717233534778388,0.03046868673516084,1
